2025-09-25 08:52:25,430 - INFO - Starting experiment with 100 rollouts, max_speed=1.0 m/s
2025-09-25 08:52:25,430 - INFO - Experiment timestamp: 20250925_085225
2025-09-25 08:52:25,430 - INFO - 
--- ROLLOUT 1/100 ---
2025-09-25 08:52:25,430 - INFO - Obstacles (4):
2025-09-25 08:52:25,430 - INFO -   Obs 0: pos=(15.5, 13.7), r=1.7, v=(-0.06, -0.74), speed=0.74
2025-09-25 08:52:25,430 - INFO -   Obs 1: pos=(32.8, 12.5), r=1.9, v=(0.37, 0.07), speed=0.37
2025-09-25 08:52:25,430 - INFO -   Obs 2: pos=(25.1, 12.2), r=1.7, v=(-0.37, -0.51), speed=0.64
2025-09-25 08:52:25,430 - INFO -   Obs 3: pos=(20.3, 17.6), r=2.1, v=(-0.26, -0.21), speed=0.34
2025-09-25 08:52:25,430 - INFO - Start: (34.2, 8.3)
2025-09-25 08:52:25,430 - INFO - Goal:  (20.2, 24.8)
2025-09-25 08:52:25,430 - INFO - Distance: 21.6
2025-09-25 08:53:57,291 - INFO - Planning: 1353 nodes added, tree size: 1354
2025-09-25 08:53:57,326 - INFO - Path: 43 waypoints
2025-09-25 08:53:57,329 - INFO - Result: SUCCESS
2025-09-25 08:53:57,364 - INFO - 
--- ROLLOUT 2/100 ---
2025-09-25 08:53:57,364 - INFO - Obstacles (4):
2025-09-25 08:53:57,365 - INFO -   Obs 0: pos=(28.7, 17.1), r=2.3, v=(0.03, 0.22), speed=0.23
2025-09-25 08:53:57,365 - INFO -   Obs 1: pos=(21.3, 13.6), r=1.7, v=(0.84, -0.32), speed=0.90
2025-09-25 08:53:57,365 - INFO -   Obs 2: pos=(15.2, 16.3), r=2.2, v=(-0.40, -0.10), speed=0.41
2025-09-25 08:53:57,365 - INFO -   Obs 3: pos=(34.9, 15.9), r=1.9, v=(-0.29, -0.03), speed=0.30
2025-09-25 08:53:57,366 - INFO - Start: (44.8, 16.1)
2025-09-25 08:53:57,366 - INFO - Goal:  (16.9, 24.4)
2025-09-25 08:53:57,366 - INFO - Distance: 29.1
2025-09-25 08:55:31,666 - INFO - Planning: 1323 nodes added, tree size: 1324
2025-09-25 08:55:31,701 - INFO - Path: 42 waypoints
2025-09-25 08:55:31,703 - INFO - Result: SUCCESS
2025-09-25 08:55:31,706 - INFO - 
--- ROLLOUT 3/100 ---
2025-09-25 08:55:31,707 - INFO - Obstacles (3):
2025-09-25 08:55:31,707 - INFO -   Obs 0: pos=(30.0, 12.3), r=2.1, v=(-0.88, -0.02), speed=0.88
2025-09-25 08:55:31,707 - INFO -   Obs 1: pos=(18.1, 17.8), r=1.6, v=(0.27, 0.62), speed=0.68
2025-09-25 08:55:31,708 - INFO -   Obs 2: pos=(25.5, 17.6), r=1.7, v=(-0.08, -0.38), speed=0.39
2025-09-25 08:55:31,708 - INFO - Start: (17.0, 11.3)
2025-09-25 08:55:31,708 - INFO - Goal:  (35.1, 6.5)
2025-09-25 08:55:31,708 - INFO - Distance: 18.7
2025-09-25 08:57:01,404 - INFO - Planning: 1358 nodes added, tree size: 1359
2025-09-25 08:57:01,435 - INFO - Path: 25 waypoints
2025-09-25 08:57:01,436 - INFO - Result: SUCCESS
2025-09-25 08:57:01,439 - INFO - 
--- ROLLOUT 4/100 ---
2025-09-25 08:57:01,440 - INFO - Obstacles (3):
2025-09-25 08:57:01,440 - INFO -   Obs 0: pos=(27.4, 15.4), r=1.6, v=(-0.59, -0.14), speed=0.60
2025-09-25 08:57:01,440 - INFO -   Obs 1: pos=(17.6, 14.1), r=1.6, v=(0.02, 0.43), speed=0.43
2025-09-25 08:57:01,441 - INFO -   Obs 2: pos=(34.7, 16.8), r=2.0, v=(-0.32, -0.56), speed=0.64
2025-09-25 08:57:01,441 - INFO - Start: (11.4, 19.0)
2025-09-25 08:57:01,441 - INFO - Goal:  (20.3, 5.8)
2025-09-25 08:57:01,441 - INFO - Distance: 16.0
2025-09-25 08:58:37,960 - INFO - Planning: 1380 nodes added, tree size: 1381
2025-09-25 08:58:37,989 - INFO - Path: 25 waypoints
2025-09-25 08:58:37,990 - INFO - Result: SUCCESS
2025-09-25 08:58:37,993 - INFO - 
--- ROLLOUT 5/100 ---
2025-09-25 08:58:37,994 - INFO - Obstacles (3):
2025-09-25 08:58:37,994 - INFO -   Obs 0: pos=(19.4, 16.9), r=2.0, v=(-0.28, 0.79), speed=0.84
2025-09-25 08:58:37,994 - INFO -   Obs 1: pos=(34.6, 15.2), r=2.4, v=(0.73, 0.65), speed=0.98
2025-09-25 08:58:37,995 - INFO -   Obs 2: pos=(25.8, 16.3), r=2.2, v=(-0.24, -0.43), speed=0.49
2025-09-25 08:58:37,995 - INFO - Start: (7.0, 10.0)
2025-09-25 08:58:37,995 - INFO - Goal:  (25.2, 21.6)
2025-09-25 08:58:37,995 - INFO - Distance: 21.6
2025-09-25 09:00:05,084 - INFO - Planning: 1328 nodes added, tree size: 1329
2025-09-25 09:00:05,118 - INFO - Path: 32 waypoints
2025-09-25 09:00:05,119 - INFO - Result: SUCCESS
2025-09-25 09:00:05,123 - INFO - 
--- ROLLOUT 6/100 ---
2025-09-25 09:00:05,123 - INFO - Obstacles (4):
2025-09-25 09:00:05,124 - INFO -   Obs 0: pos=(32.9, 16.5), r=2.0, v=(-0.02, 0.40), speed=0.40
2025-09-25 09:00:05,124 - INFO -   Obs 1: pos=(27.5, 13.6), r=1.6, v=(-0.09, 0.41), speed=0.42
2025-09-25 09:00:05,124 - INFO -   Obs 2: pos=(21.4, 15.2), r=1.6, v=(0.09, 0.75), speed=0.76
2025-09-25 09:00:05,124 - INFO -   Obs 3: pos=(15.5, 14.4), r=2.1, v=(0.70, 0.12), speed=0.71
2025-09-25 09:00:05,125 - INFO - Start: (9.2, 24.2)
2025-09-25 09:00:05,125 - INFO - Goal:  (38.2, 6.7)
2025-09-25 09:00:05,125 - INFO - Distance: 33.9
2025-09-25 09:01:48,735 - INFO - Planning: 1370 nodes added, tree size: 1371
2025-09-25 09:01:48,774 - INFO - Path: 87 waypoints
2025-09-25 09:01:48,779 - INFO - Result: SUCCESS
2025-09-25 09:01:48,782 - INFO - 
--- ROLLOUT 7/100 ---
2025-09-25 09:01:48,783 - INFO - Obstacles (3):
2025-09-25 09:01:48,783 - INFO -   Obs 0: pos=(19.9, 14.8), r=2.1, v=(-0.16, 0.15), speed=0.22
2025-09-25 09:01:48,783 - INFO -   Obs 1: pos=(32.0, 13.1), r=1.7, v=(0.14, -0.45), speed=0.47
2025-09-25 09:01:48,784 - INFO -   Obs 2: pos=(25.5, 13.7), r=1.6, v=(0.13, 0.36), speed=0.38
2025-09-25 09:01:48,784 - INFO - Start: (31.4, 23.7)
2025-09-25 09:01:48,785 - INFO - Goal:  (11.6, 11.2)
2025-09-25 09:01:48,785 - INFO - Distance: 23.4
2025-09-25 09:03:25,979 - INFO - Planning: 1355 nodes added, tree size: 1356
2025-09-25 09:03:26,016 - INFO - Path: 49 waypoints
2025-09-25 09:03:26,019 - INFO - Result: SUCCESS
2025-09-25 09:03:26,022 - INFO - 
--- ROLLOUT 8/100 ---
2025-09-25 09:03:26,023 - INFO - Obstacles (3):
2025-09-25 09:03:26,023 - INFO -   Obs 0: pos=(23.8, 14.8), r=1.8, v=(-0.34, 0.24), speed=0.42
2025-09-25 09:03:26,023 - INFO -   Obs 1: pos=(32.8, 16.4), r=2.1, v=(0.38, 0.06), speed=0.38
2025-09-25 09:03:26,023 - INFO -   Obs 2: pos=(15.4, 16.6), r=2.3, v=(-0.72, -0.37), speed=0.81
2025-09-25 09:03:26,024 - INFO - Start: (34.9, 7.7)
2025-09-25 09:03:26,024 - INFO - Goal:  (5.1, 19.5)
2025-09-25 09:03:26,024 - INFO - Distance: 32.0
2025-09-25 09:05:02,582 - INFO - Planning: 1327 nodes added, tree size: 1328
2025-09-25 09:05:02,610 - INFO - Path: 29 waypoints
2025-09-25 09:05:02,611 - INFO - Result: SUCCESS
2025-09-25 09:05:02,615 - INFO - 
--- ROLLOUT 9/100 ---
2025-09-25 09:05:02,616 - INFO - Obstacles (3):
2025-09-25 09:05:02,616 - INFO -   Obs 0: pos=(32.3, 14.7), r=2.0, v=(-0.40, 0.70), speed=0.81
2025-09-25 09:05:02,616 - INFO -   Obs 1: pos=(22.5, 17.6), r=2.4, v=(0.39, -0.05), speed=0.39
2025-09-25 09:05:02,617 - INFO -   Obs 2: pos=(16.1, 14.2), r=1.9, v=(0.02, 0.53), speed=0.53
2025-09-25 09:05:02,617 - INFO - Start: (13.0, 20.7)
2025-09-25 09:05:02,617 - INFO - Goal:  (25.1, 10.5)
2025-09-25 09:05:02,617 - INFO - Distance: 15.8
2025-09-25 09:06:40,091 - INFO - Planning: 1357 nodes added, tree size: 1358
2025-09-25 09:06:40,122 - INFO - Path: 36 waypoints
2025-09-25 09:06:40,123 - INFO - Result: SUCCESS
2025-09-25 09:06:40,127 - INFO - 
--- ROLLOUT 10/100 ---
2025-09-25 09:06:40,128 - INFO - Obstacles (3):
2025-09-25 09:06:40,128 - INFO -   Obs 0: pos=(20.1, 16.9), r=2.0, v=(0.28, -0.75), speed=0.80
2025-09-25 09:06:40,128 - INFO -   Obs 1: pos=(29.5, 17.9), r=2.5, v=(0.17, -0.46), speed=0.49
2025-09-25 09:06:40,128 - INFO -   Obs 2: pos=(24.9, 12.6), r=2.4, v=(0.37, 0.42), speed=0.56
2025-09-25 09:06:40,128 - INFO - Start: (36.1, 15.3)
2025-09-25 09:06:40,129 - INFO - Goal:  (9.4, 15.1)
2025-09-25 09:06:40,129 - INFO - Distance: 26.8
2025-09-25 09:08:11,701 - INFO - Planning: 1368 nodes added, tree size: 1369
2025-09-25 09:08:11,737 - INFO - Path: 20 waypoints
2025-09-25 09:08:11,738 - INFO - Result: SUCCESS
2025-09-25 09:08:11,742 - INFO - 
--- ROLLOUT 11/100 ---
2025-09-25 09:08:11,742 - INFO - Obstacles (3):
2025-09-25 09:08:11,743 - INFO -   Obs 0: pos=(29.5, 17.5), r=2.2, v=(-0.23, 0.68), speed=0.71
2025-09-25 09:08:11,743 - INFO -   Obs 1: pos=(15.6, 18.0), r=2.3, v=(-0.26, 0.13), speed=0.29
2025-09-25 09:08:11,743 - INFO -   Obs 2: pos=(21.4, 12.9), r=1.6, v=(-0.47, -0.47), speed=0.67
2025-09-25 09:08:11,744 - INFO - Start: (33.5, 12.6)
2025-09-25 09:08:11,744 - INFO - Goal:  (22.2, 22.8)
2025-09-25 09:08:11,744 - INFO - Distance: 15.2
2025-09-25 09:09:39,475 - INFO - Planning: 1351 nodes added, tree size: 1352
2025-09-25 09:09:39,508 - INFO - Path: 22 waypoints
2025-09-25 09:09:39,509 - INFO - Result: SUCCESS
2025-09-25 09:09:39,546 - INFO - 
--- ROLLOUT 12/100 ---
2025-09-25 09:09:39,546 - INFO - Obstacles (4):
2025-09-25 09:09:39,547 - INFO -   Obs 0: pos=(21.8, 14.7), r=1.9, v=(0.45, 0.30), speed=0.54
2025-09-25 09:09:39,547 - INFO -   Obs 1: pos=(28.3, 14.2), r=1.7, v=(0.22, -0.12), speed=0.25
2025-09-25 09:09:39,547 - INFO -   Obs 2: pos=(34.4, 15.6), r=1.9, v=(-0.33, -0.17), speed=0.37
2025-09-25 09:09:39,547 - INFO -   Obs 3: pos=(15.1, 17.2), r=2.1, v=(-0.25, 0.18), speed=0.31
2025-09-25 09:09:39,548 - INFO - Start: (41.8, 6.8)
2025-09-25 09:09:39,548 - INFO - Goal:  (10.9, 8.9)
2025-09-25 09:09:39,548 - INFO - Distance: 31.0
2025-09-25 09:11:22,476 - INFO - Planning: 1306 nodes added, tree size: 1307
2025-09-25 09:11:22,515 - INFO - Path: 49 waypoints
2025-09-25 09:11:22,517 - INFO - Result: SUCCESS
2025-09-25 09:11:22,520 - INFO - 
--- ROLLOUT 13/100 ---
2025-09-25 09:11:22,521 - INFO - Obstacles (3):
2025-09-25 09:11:22,521 - INFO -   Obs 0: pos=(30.2, 15.9), r=1.7, v=(0.09, -0.59), speed=0.60
2025-09-25 09:11:22,521 - INFO -   Obs 1: pos=(18.0, 12.4), r=1.9, v=(-0.14, 0.40), speed=0.42
2025-09-25 09:11:22,521 - INFO -   Obs 2: pos=(24.0, 16.9), r=2.2, v=(-0.25, 0.52), speed=0.58
2025-09-25 09:11:22,522 - INFO - Start: (38.4, 22.7)
2025-09-25 09:11:22,522 - INFO - Goal:  (6.5, 11.7)
2025-09-25 09:11:22,522 - INFO - Distance: 33.7
2025-09-25 09:12:45,447 - INFO - Planning: 1357 nodes added, tree size: 1358
2025-09-25 09:12:45,479 - INFO - Path: 62 waypoints
2025-09-25 09:12:45,481 - INFO - Result: SUCCESS
2025-09-25 09:12:45,484 - INFO - 
--- ROLLOUT 14/100 ---
2025-09-25 09:12:45,485 - INFO - Obstacles (3):
2025-09-25 09:12:45,485 - INFO -   Obs 0: pos=(26.9, 12.9), r=1.7, v=(-0.25, -0.66), speed=0.70
2025-09-25 09:12:45,485 - INFO -   Obs 1: pos=(33.1, 16.3), r=1.5, v=(-0.51, 0.58), speed=0.78
2025-09-25 09:12:45,486 - INFO -   Obs 2: pos=(18.9, 16.1), r=2.1, v=(-0.76, 0.30), speed=0.82
2025-09-25 09:12:45,486 - INFO - Start: (28.0, 19.4)
2025-09-25 09:12:45,486 - INFO - Goal:  (16.7, 5.0)
2025-09-25 09:12:45,486 - INFO - Distance: 18.3
2025-09-25 09:14:24,132 - INFO - Planning: 1364 nodes added, tree size: 1365
2025-09-25 09:14:24,164 - INFO - Path: 27 waypoints
2025-09-25 09:14:24,166 - INFO - Result: SUCCESS
2025-09-25 09:14:24,169 - INFO - 
--- ROLLOUT 15/100 ---
2025-09-25 09:14:24,169 - INFO - Obstacles (3):
2025-09-25 09:14:24,170 - INFO -   Obs 0: pos=(19.8, 14.5), r=2.2, v=(0.84, 0.50), speed=0.98
2025-09-25 09:14:24,170 - INFO -   Obs 1: pos=(34.8, 15.3), r=1.9, v=(-0.70, 0.13), speed=0.71
2025-09-25 09:14:24,170 - INFO -   Obs 2: pos=(27.6, 16.6), r=2.2, v=(-0.12, 0.20), speed=0.24
2025-09-25 09:14:24,171 - INFO - Start: (19.5, 21.0)
2025-09-25 09:14:24,171 - INFO - Goal:  (36.3, 5.7)
2025-09-25 09:14:24,171 - INFO - Distance: 22.7
2025-09-25 09:15:55,010 - INFO - Planning: 1373 nodes added, tree size: 1374
2025-09-25 09:15:55,038 - INFO - Path: 67 waypoints
2025-09-25 09:15:55,041 - INFO - Result: SUCCESS
2025-09-25 09:15:55,044 - INFO - 
--- ROLLOUT 16/100 ---
2025-09-25 09:15:55,045 - INFO - Obstacles (3):
2025-09-25 09:15:55,045 - INFO -   Obs 0: pos=(19.7, 15.9), r=1.9, v=(0.21, -0.07), speed=0.23
2025-09-25 09:15:55,045 - INFO -   Obs 1: pos=(34.2, 12.2), r=1.7, v=(-0.93, -0.10), speed=0.93
2025-09-25 09:15:55,045 - INFO -   Obs 2: pos=(26.0, 13.7), r=1.8, v=(0.42, 0.64), speed=0.77
2025-09-25 09:15:55,046 - INFO - Start: (8.2, 24.0)
2025-09-25 09:15:55,046 - INFO - Goal:  (29.7, 5.6)
2025-09-25 09:15:55,046 - INFO - Distance: 28.3
2025-09-25 09:17:27,427 - INFO - Planning: 1375 nodes added, tree size: 1376
2025-09-25 09:17:27,458 - INFO - Path: 42 waypoints
2025-09-25 09:17:27,460 - INFO - Result: SUCCESS
2025-09-25 09:17:27,464 - INFO - 
--- ROLLOUT 17/100 ---
2025-09-25 09:17:27,464 - INFO - Obstacles (3):
2025-09-25 09:17:27,465 - INFO -   Obs 0: pos=(27.8, 13.8), r=1.7, v=(0.19, -0.49), speed=0.52
2025-09-25 09:17:27,465 - INFO -   Obs 1: pos=(17.9, 17.2), r=1.8, v=(0.47, -0.04), speed=0.48
2025-09-25 09:17:27,465 - INFO -   Obs 2: pos=(33.9, 17.2), r=1.9, v=(0.90, -0.21), speed=0.92
2025-09-25 09:17:27,465 - INFO - Start: (24.6, 16.3)
2025-09-25 09:17:27,466 - INFO - Goal:  (41.0, 22.4)
2025-09-25 09:17:27,466 - INFO - Distance: 17.5
2025-09-25 09:18:58,968 - INFO - Planning: 1355 nodes added, tree size: 1356
2025-09-25 09:18:58,997 - INFO - Path: 32 waypoints
2025-09-25 09:18:58,999 - INFO - Result: SUCCESS
2025-09-25 09:18:59,002 - INFO - 
--- ROLLOUT 18/100 ---
2025-09-25 09:18:59,003 - INFO - Obstacles (3):
2025-09-25 09:18:59,003 - INFO -   Obs 0: pos=(26.9, 13.6), r=2.2, v=(0.65, -0.12), speed=0.66
2025-09-25 09:18:59,003 - INFO -   Obs 1: pos=(19.6, 12.3), r=2.0, v=(-0.77, -0.12), speed=0.78
2025-09-25 09:18:59,004 - INFO -   Obs 2: pos=(34.6, 16.6), r=2.2, v=(-0.22, -0.55), speed=0.59
2025-09-25 09:18:59,004 - INFO - Start: (42.4, 19.4)
2025-09-25 09:18:59,004 - INFO - Goal:  (26.7, 22.9)
2025-09-25 09:18:59,004 - INFO - Distance: 16.0
2025-09-25 09:20:27,903 - INFO - Planning: 1320 nodes added, tree size: 1321
2025-09-25 09:20:27,937 - INFO - Path: 27 waypoints
2025-09-25 09:20:27,939 - INFO - Result: SUCCESS
2025-09-25 09:20:27,943 - INFO - 
--- ROLLOUT 19/100 ---
2025-09-25 09:20:27,944 - INFO - Obstacles (3):
2025-09-25 09:20:27,944 - INFO -   Obs 0: pos=(31.4, 17.7), r=2.3, v=(-0.11, 0.42), speed=0.43
2025-09-25 09:20:27,944 - INFO -   Obs 1: pos=(20.1, 14.9), r=1.7, v=(-0.92, -0.23), speed=0.95
2025-09-25 09:20:27,945 - INFO -   Obs 2: pos=(25.6, 15.8), r=1.6, v=(-0.66, 0.40), speed=0.77
2025-09-25 09:20:27,945 - INFO - Start: (10.6, 11.5)
2025-09-25 09:20:27,945 - INFO - Goal:  (43.2, 11.0)
2025-09-25 09:20:27,945 - INFO - Distance: 32.5
2025-09-25 09:22:15,898 - INFO - Planning: 1364 nodes added, tree size: 1365
2025-09-25 09:22:15,933 - INFO - Path: 50 waypoints
2025-09-25 09:22:15,935 - INFO - Result: SUCCESS
2025-09-25 09:22:15,938 - INFO - 
--- ROLLOUT 20/100 ---
2025-09-25 09:22:15,939 - INFO - Obstacles (3):
2025-09-25 09:22:15,939 - INFO -   Obs 0: pos=(20.2, 14.2), r=1.7, v=(-0.28, -0.50), speed=0.57
2025-09-25 09:22:15,940 - INFO -   Obs 1: pos=(32.8, 16.6), r=2.2, v=(-0.61, -0.73), speed=0.95
2025-09-25 09:22:15,940 - INFO -   Obs 2: pos=(26.3, 15.4), r=2.2, v=(-0.08, 0.20), speed=0.22
2025-09-25 09:22:15,940 - INFO - Start: (15.2, 5.1)
2025-09-25 09:22:15,940 - INFO - Goal:  (40.8, 24.7)
2025-09-25 09:22:15,941 - INFO - Distance: 32.3
2025-09-25 09:23:59,633 - INFO - Planning: 1362 nodes added, tree size: 1363
2025-09-25 09:23:59,666 - INFO - Path: 40 waypoints
2025-09-25 09:23:59,668 - INFO - Result: SUCCESS
2025-09-25 09:23:59,671 - INFO - 
--- ROLLOUT 21/100 ---
2025-09-25 09:23:59,672 - INFO - Obstacles (3):
2025-09-25 09:23:59,672 - INFO -   Obs 0: pos=(15.6, 14.5), r=2.3, v=(0.10, -0.98), speed=0.98
2025-09-25 09:23:59,672 - INFO -   Obs 1: pos=(27.9, 14.5), r=2.5, v=(-0.66, 0.60), speed=0.90
2025-09-25 09:23:59,672 - INFO -   Obs 2: pos=(34.4, 15.3), r=1.6, v=(0.02, 0.36), speed=0.36
2025-09-25 09:23:59,673 - INFO - Start: (11.7, 20.9)
2025-09-25 09:23:59,673 - INFO - Goal:  (7.3, 5.7)
2025-09-25 09:23:59,673 - INFO - Distance: 15.8
2025-09-25 09:25:29,013 - INFO - Planning: 1326 nodes added, tree size: 1327
2025-09-25 09:25:29,042 - INFO - Path: 22 waypoints
2025-09-25 09:25:29,043 - INFO - Result: SUCCESS
2025-09-25 09:25:29,079 - INFO - 
--- ROLLOUT 22/100 ---
2025-09-25 09:25:29,080 - INFO - Obstacles (3):
2025-09-25 09:25:29,080 - INFO -   Obs 0: pos=(33.9, 16.0), r=2.3, v=(-0.74, 0.46), speed=0.87
2025-09-25 09:25:29,080 - INFO -   Obs 1: pos=(19.6, 16.2), r=1.5, v=(-0.50, -0.02), speed=0.50
2025-09-25 09:25:29,080 - INFO -   Obs 2: pos=(27.4, 16.0), r=2.1, v=(-0.59, 0.06), speed=0.59
2025-09-25 09:25:29,081 - INFO - Start: (8.1, 8.2)
2025-09-25 09:25:29,081 - INFO - Goal:  (44.0, 6.1)
2025-09-25 09:25:29,081 - INFO - Distance: 36.0
2025-09-25 09:27:11,377 - INFO - Planning: 1363 nodes added, tree size: 1364
2025-09-25 09:27:11,404 - INFO - Path: 58 waypoints
2025-09-25 09:27:11,407 - INFO - Result: SUCCESS
2025-09-25 09:27:11,410 - INFO - 
--- ROLLOUT 23/100 ---
2025-09-25 09:27:11,410 - INFO - Obstacles (3):
2025-09-25 09:27:11,411 - INFO -   Obs 0: pos=(19.6, 12.5), r=2.1, v=(-0.51, -0.44), speed=0.68
2025-09-25 09:27:11,411 - INFO -   Obs 1: pos=(34.4, 14.0), r=2.1, v=(0.12, -0.55), speed=0.56
2025-09-25 09:27:11,411 - INFO -   Obs 2: pos=(23.9, 16.6), r=1.6, v=(0.46, 0.28), speed=0.54
2025-09-25 09:27:11,411 - INFO - Start: (12.2, 20.4)
2025-09-25 09:27:11,411 - INFO - Goal:  (42.7, 9.2)
2025-09-25 09:27:11,412 - INFO - Distance: 32.5
2025-09-25 09:28:46,906 - INFO - Planning: 1356 nodes added, tree size: 1357
2025-09-25 09:28:46,941 - INFO - Path: 66 waypoints
2025-09-25 09:28:46,943 - INFO - Result: SUCCESS
2025-09-25 09:28:46,947 - INFO - 
--- ROLLOUT 24/100 ---
2025-09-25 09:28:46,948 - INFO - Obstacles (4):
2025-09-25 09:28:46,948 - INFO -   Obs 0: pos=(31.6, 12.4), r=2.3, v=(0.21, -0.71), speed=0.74
2025-09-25 09:28:46,948 - INFO -   Obs 1: pos=(17.8, 13.8), r=1.8, v=(0.31, 0.44), speed=0.54
2025-09-25 09:28:46,948 - INFO -   Obs 2: pos=(26.9, 17.5), r=1.6, v=(0.01, 0.73), speed=0.73
2025-09-25 09:28:46,949 - INFO -   Obs 3: pos=(23.6, 12.0), r=1.7, v=(-0.14, 0.75), speed=0.76
2025-09-25 09:28:46,949 - INFO - Start: (26.7, 24.8)
2025-09-25 09:28:46,949 - INFO - Goal:  (6.3, 10.3)
2025-09-25 09:28:46,949 - INFO - Distance: 25.1
2025-09-25 09:30:23,051 - INFO - Planning: 1353 nodes added, tree size: 1354
2025-09-25 09:30:23,087 - INFO - Path: 25 waypoints
2025-09-25 09:30:23,088 - INFO - Result: SUCCESS
2025-09-25 09:30:23,091 - INFO - 
--- ROLLOUT 25/100 ---
2025-09-25 09:30:23,092 - INFO - Obstacles (4):
2025-09-25 09:30:23,092 - INFO -   Obs 0: pos=(23.8, 18.0), r=2.3, v=(0.07, 0.85), speed=0.85
2025-09-25 09:30:23,092 - INFO -   Obs 1: pos=(27.7, 13.0), r=1.6, v=(0.10, 0.35), speed=0.37
2025-09-25 09:30:23,093 - INFO -   Obs 2: pos=(16.2, 14.1), r=1.8, v=(-0.45, -0.11), speed=0.46
2025-09-25 09:30:23,093 - INFO -   Obs 3: pos=(32.2, 17.9), r=2.2, v=(0.80, 0.55), speed=0.97
2025-09-25 09:30:23,093 - INFO - Start: (36.4, 23.4)
2025-09-25 09:30:23,093 - INFO - Goal:  (10.1, 22.3)
2025-09-25 09:30:23,093 - INFO - Distance: 26.4
2025-09-25 09:32:04,384 - INFO - Planning: 1368 nodes added, tree size: 1369
2025-09-25 09:32:04,422 - INFO - Path: 66 waypoints
2025-09-25 09:32:04,425 - INFO - Result: SUCCESS
2025-09-25 09:32:04,429 - INFO - 
--- ROLLOUT 26/100 ---
2025-09-25 09:32:04,430 - INFO - Obstacles (3):
2025-09-25 09:32:04,430 - INFO -   Obs 0: pos=(17.9, 13.9), r=1.7, v=(0.29, -0.43), speed=0.51
2025-09-25 09:32:04,430 - INFO -   Obs 1: pos=(30.4, 14.4), r=2.2, v=(-0.31, -0.85), speed=0.90
2025-09-25 09:32:04,430 - INFO -   Obs 2: pos=(23.9, 12.0), r=1.8, v=(0.65, 0.61), speed=0.89
2025-09-25 09:32:04,431 - INFO - Start: (26.9, 8.5)
2025-09-25 09:32:04,431 - INFO - Goal:  (23.8, 24.7)
2025-09-25 09:32:04,431 - INFO - Distance: 16.6
2025-09-25 09:33:37,282 - INFO - Planning: 1402 nodes added, tree size: 1403
2025-09-25 09:33:37,315 - INFO - Path: 47 waypoints
2025-09-25 09:33:37,317 - INFO - Result: SUCCESS
2025-09-25 09:33:37,321 - INFO - 
--- ROLLOUT 27/100 ---
2025-09-25 09:33:37,322 - INFO - Obstacles (4):
2025-09-25 09:33:37,322 - INFO -   Obs 0: pos=(15.3, 12.4), r=1.8, v=(0.24, 0.06), speed=0.25
2025-09-25 09:33:37,322 - INFO -   Obs 1: pos=(30.8, 15.0), r=2.1, v=(-0.53, -0.00), speed=0.53
2025-09-25 09:33:37,323 - INFO -   Obs 2: pos=(24.1, 15.7), r=1.8, v=(-0.04, -0.79), speed=0.79
2025-09-25 09:33:37,323 - INFO -   Obs 3: pos=(18.3, 17.7), r=2.0, v=(0.16, -0.76), speed=0.78
2025-09-25 09:33:37,323 - INFO - Start: (11.7, 7.5)
2025-09-25 09:33:37,323 - INFO - Goal:  (36.2, 10.4)
2025-09-25 09:33:37,324 - INFO - Distance: 24.7
2025-09-25 09:35:16,760 - INFO - Planning: 1351 nodes added, tree size: 1352
2025-09-25 09:35:16,798 - INFO - Path: 47 waypoints
2025-09-25 09:35:16,801 - INFO - Result: SUCCESS
2025-09-25 09:35:16,805 - INFO - 
--- ROLLOUT 28/100 ---
2025-09-25 09:35:16,807 - INFO - Obstacles (4):
2025-09-25 09:35:16,807 - INFO -   Obs 0: pos=(30.4, 12.2), r=2.3, v=(-0.03, 0.25), speed=0.25
2025-09-25 09:35:16,807 - INFO -   Obs 1: pos=(24.1, 14.2), r=2.0, v=(-0.45, -0.20), speed=0.49
2025-09-25 09:35:16,808 - INFO -   Obs 2: pos=(15.9, 17.2), r=1.7, v=(-0.50, 0.09), speed=0.51
2025-09-25 09:35:16,808 - INFO -   Obs 3: pos=(34.9, 16.3), r=1.6, v=(0.81, -0.44), speed=0.92
2025-09-25 09:35:16,808 - INFO - Start: (25.8, 19.0)
2025-09-25 09:35:16,808 - INFO - Goal:  (6.2, 13.1)
2025-09-25 09:35:16,808 - INFO - Distance: 20.4
2025-09-25 09:36:55,566 - INFO - Planning: 1309 nodes added, tree size: 1310
2025-09-25 09:36:55,604 - INFO - Path: 28 waypoints
2025-09-25 09:36:55,606 - INFO - Result: SUCCESS
2025-09-25 09:36:55,609 - INFO - 
--- ROLLOUT 29/100 ---
2025-09-25 09:36:55,610 - INFO - Obstacles (3):
2025-09-25 09:36:55,610 - INFO -   Obs 0: pos=(26.1, 15.3), r=1.6, v=(0.67, 0.50), speed=0.84
2025-09-25 09:36:55,610 - INFO -   Obs 1: pos=(17.4, 12.4), r=2.3, v=(0.06, 0.35), speed=0.36
2025-09-25 09:36:55,610 - INFO -   Obs 2: pos=(31.9, 16.9), r=1.6, v=(0.22, -0.09), speed=0.24
2025-09-25 09:36:55,611 - INFO - Start: (34.5, 12.2)
2025-09-25 09:36:55,611 - INFO - Goal:  (10.7, 24.0)
2025-09-25 09:36:55,611 - INFO - Distance: 26.6
2025-09-25 09:38:19,485 - INFO - Planning: 1339 nodes added, tree size: 1340
2025-09-25 09:38:19,520 - INFO - Path: 10 waypoints
2025-09-25 09:38:19,521 - INFO - Result: SUCCESS
2025-09-25 09:38:19,524 - INFO - 
--- ROLLOUT 30/100 ---
2025-09-25 09:38:19,525 - INFO - Obstacles (4):
2025-09-25 09:38:19,525 - INFO -   Obs 0: pos=(25.8, 13.1), r=1.5, v=(0.64, 0.24), speed=0.68
2025-09-25 09:38:19,526 - INFO -   Obs 1: pos=(15.4, 14.9), r=1.8, v=(-0.64, -0.56), speed=0.85
2025-09-25 09:38:19,526 - INFO -   Obs 2: pos=(32.4, 12.4), r=1.6, v=(-0.09, -0.30), speed=0.31
2025-09-25 09:38:19,526 - INFO -   Obs 3: pos=(21.4, 16.9), r=2.1, v=(-0.18, -0.22), speed=0.28
2025-09-25 09:38:19,527 - INFO - Start: (24.6, 6.1)
2025-09-25 09:38:19,527 - INFO - Goal:  (44.1, 14.5)
2025-09-25 09:38:19,527 - INFO - Distance: 21.2
2025-09-25 09:40:03,206 - INFO - Planning: 1332 nodes added, tree size: 1333
2025-09-25 09:40:03,247 - INFO - Path: 36 waypoints
2025-09-25 09:40:03,249 - INFO - Result: SUCCESS
2025-09-25 09:40:03,252 - INFO - 
--- ROLLOUT 31/100 ---
2025-09-25 09:40:03,253 - INFO - Obstacles (4):
2025-09-25 09:40:03,253 - INFO -   Obs 0: pos=(21.2, 14.4), r=2.0, v=(-0.14, -0.23), speed=0.27
2025-09-25 09:40:03,253 - INFO -   Obs 1: pos=(34.4, 15.5), r=2.1, v=(0.46, -0.72), speed=0.85
2025-09-25 09:40:03,253 - INFO -   Obs 2: pos=(28.6, 15.7), r=1.6, v=(0.02, -0.34), speed=0.34
2025-09-25 09:40:03,254 - INFO -   Obs 3: pos=(15.4, 16.9), r=1.8, v=(-0.11, 0.58), speed=0.59
2025-09-25 09:40:03,254 - INFO - Start: (32.8, 7.0)
2025-09-25 09:40:03,254 - INFO - Goal:  (35.4, 22.3)
2025-09-25 09:40:03,254 - INFO - Distance: 15.6
2025-09-25 09:41:47,183 - INFO - Planning: 1342 nodes added, tree size: 1343
2025-09-25 09:41:47,223 - INFO - Path: 42 waypoints
2025-09-25 09:41:47,225 - INFO - Result: SUCCESS
2025-09-25 09:41:47,262 - INFO - 
--- ROLLOUT 32/100 ---
2025-09-25 09:41:47,263 - INFO - Obstacles (3):
2025-09-25 09:41:47,263 - INFO -   Obs 0: pos=(25.3, 13.0), r=1.8, v=(-0.31, -0.01), speed=0.31
2025-09-25 09:41:47,263 - INFO -   Obs 1: pos=(32.0, 17.3), r=1.5, v=(0.30, 0.81), speed=0.87
2025-09-25 09:41:47,264 - INFO -   Obs 2: pos=(17.5, 12.2), r=1.9, v=(-0.28, -0.19), speed=0.34
2025-09-25 09:41:47,264 - INFO - Start: (39.8, 16.7)
2025-09-25 09:41:47,264 - INFO - Goal:  (21.4, 5.4)
2025-09-25 09:41:47,264 - INFO - Distance: 21.6
2025-09-25 09:43:12,255 - INFO - Planning: 1356 nodes added, tree size: 1357
2025-09-25 09:43:12,286 - INFO - Path: 29 waypoints
2025-09-25 09:43:12,288 - INFO - Result: SUCCESS
2025-09-25 09:43:12,291 - INFO - 
--- ROLLOUT 33/100 ---
2025-09-25 09:43:12,291 - INFO - Obstacles (3):
2025-09-25 09:43:12,292 - INFO -   Obs 0: pos=(24.5, 12.8), r=1.7, v=(0.12, -0.36), speed=0.38
2025-09-25 09:43:12,292 - INFO -   Obs 1: pos=(32.0, 14.8), r=1.7, v=(-0.20, 0.58), speed=0.62
2025-09-25 09:43:12,292 - INFO -   Obs 2: pos=(18.8, 15.1), r=1.7, v=(0.83, 0.31), speed=0.89
2025-09-25 09:43:12,293 - INFO - Start: (37.4, 13.1)
2025-09-25 09:43:12,293 - INFO - Goal:  (17.8, 7.8)
2025-09-25 09:43:12,293 - INFO - Distance: 20.3
2025-09-25 09:44:43,377 - INFO - Planning: 1359 nodes added, tree size: 1360
2025-09-25 09:44:43,411 - INFO - Path: 35 waypoints
2025-09-25 09:44:43,413 - INFO - Result: SUCCESS
2025-09-25 09:44:43,416 - INFO - 
--- ROLLOUT 34/100 ---
2025-09-25 09:44:43,417 - INFO - Obstacles (3):
2025-09-25 09:44:43,417 - INFO -   Obs 0: pos=(28.1, 18.0), r=1.8, v=(-0.45, 0.25), speed=0.51
2025-09-25 09:44:43,417 - INFO -   Obs 1: pos=(15.7, 16.2), r=2.1, v=(0.29, 0.73), speed=0.78
2025-09-25 09:44:43,418 - INFO -   Obs 2: pos=(33.9, 12.4), r=2.4, v=(-0.89, -0.00), speed=0.89
2025-09-25 09:44:43,418 - INFO - Start: (20.3, 11.0)
2025-09-25 09:44:43,418 - INFO - Goal:  (7.2, 22.1)
2025-09-25 09:44:43,418 - INFO - Distance: 17.2
2025-09-25 09:46:08,037 - INFO - Planning: 1357 nodes added, tree size: 1358
2025-09-25 09:46:08,067 - INFO - Path: 41 waypoints
2025-09-25 09:46:08,069 - INFO - Result: SUCCESS
2025-09-25 09:46:08,073 - INFO - 
--- ROLLOUT 35/100 ---
2025-09-25 09:46:08,074 - INFO - Obstacles (3):
2025-09-25 09:46:08,074 - INFO -   Obs 0: pos=(34.8, 14.1), r=2.5, v=(0.77, -0.62), speed=0.99
2025-09-25 09:46:08,074 - INFO -   Obs 1: pos=(17.9, 17.2), r=1.7, v=(0.41, 0.23), speed=0.47
2025-09-25 09:46:08,074 - INFO -   Obs 2: pos=(24.0, 13.3), r=2.3, v=(-0.29, -0.15), speed=0.33
2025-09-25 09:46:08,075 - INFO - Start: (33.1, 9.1)
2025-09-25 09:46:08,075 - INFO - Goal:  (11.4, 16.0)
2025-09-25 09:46:08,075 - INFO - Distance: 22.7
2025-09-25 09:47:39,124 - INFO - Planning: 1354 nodes added, tree size: 1355
2025-09-25 09:47:39,163 - INFO - Path: 30 waypoints
2025-09-25 09:47:39,165 - INFO - Result: SUCCESS
2025-09-25 09:47:39,168 - INFO - 
--- ROLLOUT 36/100 ---
2025-09-25 09:47:39,169 - INFO - Obstacles (4):
2025-09-25 09:47:39,169 - INFO -   Obs 0: pos=(28.8, 14.9), r=1.7, v=(0.27, 0.02), speed=0.27
2025-09-25 09:47:39,170 - INFO -   Obs 1: pos=(17.2, 15.4), r=2.0, v=(0.78, -0.26), speed=0.82
2025-09-25 09:47:39,170 - INFO -   Obs 2: pos=(23.4, 17.3), r=1.7, v=(0.53, 0.58), speed=0.78
2025-09-25 09:47:39,170 - INFO -   Obs 3: pos=(34.6, 17.1), r=1.6, v=(0.50, -0.31), speed=0.59
2025-09-25 09:47:39,170 - INFO - Start: (27.0, 21.5)
2025-09-25 09:47:39,171 - INFO - Goal:  (23.1, 6.9)
2025-09-25 09:47:39,171 - INFO - Distance: 15.1
2025-09-25 09:49:18,405 - INFO - Planning: 1316 nodes added, tree size: 1317
2025-09-25 09:49:18,444 - INFO - Path: 28 waypoints
2025-09-25 09:49:18,446 - INFO - Result: SUCCESS
2025-09-25 09:49:18,449 - INFO - 
--- ROLLOUT 37/100 ---
2025-09-25 09:49:18,450 - INFO - Obstacles (3):
2025-09-25 09:49:18,450 - INFO -   Obs 0: pos=(15.0, 14.1), r=2.1, v=(0.20, -0.61), speed=0.64
2025-09-25 09:49:18,450 - INFO -   Obs 1: pos=(22.5, 12.6), r=2.4, v=(-0.86, 0.04), speed=0.86
2025-09-25 09:49:18,451 - INFO -   Obs 2: pos=(29.9, 14.5), r=1.8, v=(0.10, 0.28), speed=0.30
2025-09-25 09:49:18,451 - INFO - Start: (35.4, 16.2)
2025-09-25 09:49:18,451 - INFO - Goal:  (5.5, 7.1)
2025-09-25 09:49:18,451 - INFO - Distance: 31.3
2025-09-25 09:50:44,127 - INFO - Planning: 1314 nodes added, tree size: 1315
2025-09-25 09:50:44,157 - INFO - Path: 22 waypoints
2025-09-25 09:50:44,159 - INFO - Result: SUCCESS
2025-09-25 09:50:44,162 - INFO - 
--- ROLLOUT 38/100 ---
2025-09-25 09:50:44,163 - INFO - Obstacles (2):
2025-09-25 09:50:44,163 - INFO -   Obs 0: pos=(17.9, 16.0), r=1.7, v=(0.00, -0.33), speed=0.33
2025-09-25 09:50:44,163 - INFO -   Obs 1: pos=(28.8, 13.8), r=2.3, v=(0.83, 0.17), speed=0.85
2025-09-25 09:50:44,164 - INFO - Start: (36.8, 16.2)
2025-09-25 09:50:44,164 - INFO - Goal:  (5.7, 18.5)
2025-09-25 09:50:44,164 - INFO - Distance: 31.2
2025-09-25 09:52:03,502 - INFO - Planning: 1371 nodes added, tree size: 1372
2025-09-25 09:52:03,529 - INFO - Path: 26 waypoints
2025-09-25 09:52:03,530 - INFO - Result: SUCCESS
2025-09-25 09:52:03,534 - INFO - 
--- ROLLOUT 39/100 ---
2025-09-25 09:52:03,534 - INFO - Obstacles (3):
2025-09-25 09:52:03,534 - INFO -   Obs 0: pos=(27.8, 15.7), r=2.3, v=(-0.65, -0.39), speed=0.76
2025-09-25 09:52:03,535 - INFO -   Obs 1: pos=(16.5, 17.6), r=1.6, v=(0.10, -0.43), speed=0.44
2025-09-25 09:52:03,535 - INFO -   Obs 2: pos=(34.9, 14.8), r=2.0, v=(-0.06, 0.25), speed=0.25
2025-09-25 09:52:03,536 - INFO - Start: (8.9, 19.5)
2025-09-25 09:52:03,536 - INFO - Goal:  (41.0, 11.4)
2025-09-25 09:52:03,536 - INFO - Distance: 33.1
2025-09-25 09:53:38,773 - INFO - Planning: 1382 nodes added, tree size: 1383
2025-09-25 09:53:38,816 - INFO - Path: 62 waypoints
2025-09-25 09:53:38,818 - INFO - Result: SUCCESS
2025-09-25 09:53:38,822 - INFO - 
--- ROLLOUT 40/100 ---
2025-09-25 09:53:38,823 - INFO - Obstacles (3):
2025-09-25 09:53:38,823 - INFO -   Obs 0: pos=(21.6, 16.0), r=2.2, v=(0.38, 0.53), speed=0.65
2025-09-25 09:53:38,824 - INFO -   Obs 1: pos=(31.2, 17.8), r=1.7, v=(-0.32, 0.76), speed=0.83
2025-09-25 09:53:38,824 - INFO -   Obs 2: pos=(33.8, 12.2), r=2.3, v=(0.05, 0.41), speed=0.41
2025-09-25 09:53:38,824 - INFO - Start: (30.5, 22.6)
2025-09-25 09:53:38,824 - INFO - Goal:  (42.9, 9.3)
2025-09-25 09:53:38,824 - INFO - Distance: 18.1
2025-09-25 09:55:15,855 - INFO - Planning: 1386 nodes added, tree size: 1387
2025-09-25 09:55:15,889 - INFO - Path: 19 waypoints
2025-09-25 09:55:15,890 - INFO - Result: SUCCESS
2025-09-25 09:55:15,893 - INFO - 
--- ROLLOUT 41/100 ---
2025-09-25 09:55:15,894 - INFO - Obstacles (4):
2025-09-25 09:55:15,894 - INFO -   Obs 0: pos=(32.3, 13.0), r=2.3, v=(-0.67, -0.49), speed=0.84
2025-09-25 09:55:15,895 - INFO -   Obs 1: pos=(20.3, 16.3), r=1.8, v=(-0.64, 0.19), speed=0.67
2025-09-25 09:55:15,895 - INFO -   Obs 2: pos=(26.9, 17.7), r=2.3, v=(-0.35, -0.43), speed=0.55
2025-09-25 09:55:15,895 - INFO -   Obs 3: pos=(15.7, 13.4), r=1.5, v=(0.55, 0.83), speed=1.00
2025-09-25 09:55:15,895 - INFO - Start: (42.9, 18.7)
2025-09-25 09:55:15,896 - INFO - Goal:  (5.5, 9.2)
2025-09-25 09:55:15,896 - INFO - Distance: 38.6
2025-09-25 09:56:52,813 - INFO - Planning: 1291 nodes added, tree size: 1292
2025-09-25 09:56:52,850 - INFO - Path: 36 waypoints
2025-09-25 09:56:52,852 - INFO - Result: SUCCESS
2025-09-25 09:56:52,889 - INFO - 
--- ROLLOUT 42/100 ---
2025-09-25 09:56:52,889 - INFO - Obstacles (3):
2025-09-25 09:56:52,890 - INFO -   Obs 0: pos=(21.5, 15.7), r=1.8, v=(-0.37, -0.12), speed=0.39
2025-09-25 09:56:52,890 - INFO -   Obs 1: pos=(31.1, 13.1), r=2.0, v=(0.88, -0.02), speed=0.88
2025-09-25 09:56:52,890 - INFO -   Obs 2: pos=(15.4, 12.7), r=2.4, v=(0.35, -0.08), speed=0.36
2025-09-25 09:56:52,891 - INFO - Start: (31.5, 22.2)
2025-09-25 09:56:52,891 - INFO - Goal:  (17.1, 5.0)
2025-09-25 09:56:52,891 - INFO - Distance: 22.4
2025-09-25 09:58:21,987 - INFO - Planning: 1312 nodes added, tree size: 1313
2025-09-25 09:58:22,015 - INFO - Path: 37 waypoints
2025-09-25 09:58:22,017 - INFO - Result: SUCCESS
2025-09-25 09:58:22,020 - INFO - 
--- ROLLOUT 43/100 ---
2025-09-25 09:58:22,021 - INFO - Obstacles (4):
2025-09-25 09:58:22,021 - INFO -   Obs 0: pos=(21.9, 14.8), r=1.5, v=(0.85, -0.45), speed=0.96
2025-09-25 09:58:22,021 - INFO -   Obs 1: pos=(33.2, 16.8), r=2.2, v=(-0.17, 0.78), speed=0.79
2025-09-25 09:58:22,022 - INFO -   Obs 2: pos=(16.1, 16.7), r=1.6, v=(-0.35, 0.07), speed=0.35
2025-09-25 09:58:22,022 - INFO -   Obs 3: pos=(27.6, 12.3), r=2.4, v=(-0.40, -0.05), speed=0.40
2025-09-25 09:58:22,022 - INFO - Start: (20.2, 8.7)
2025-09-25 09:58:22,022 - INFO - Goal:  (10.2, 22.5)
2025-09-25 09:58:22,023 - INFO - Distance: 17.0
2025-09-25 09:59:51,945 - INFO - Planning: 1316 nodes added, tree size: 1317
2025-09-25 09:59:51,984 - INFO - Path: 21 waypoints
2025-09-25 09:59:51,985 - INFO - Result: SUCCESS
2025-09-25 09:59:51,988 - INFO - 
--- ROLLOUT 44/100 ---
2025-09-25 09:59:51,989 - INFO - Obstacles (3):
2025-09-25 09:59:51,989 - INFO -   Obs 0: pos=(17.1, 13.1), r=1.5, v=(-0.32, -0.40), speed=0.51
2025-09-25 09:59:51,990 - INFO -   Obs 1: pos=(24.8, 15.7), r=2.1, v=(0.36, 0.11), speed=0.38
2025-09-25 09:59:51,990 - INFO -   Obs 2: pos=(30.9, 12.3), r=2.1, v=(-0.77, -0.14), speed=0.79
2025-09-25 09:59:51,990 - INFO - Start: (8.8, 14.2)
2025-09-25 09:59:51,990 - INFO - Goal:  (40.6, 10.0)
2025-09-25 09:59:51,991 - INFO - Distance: 32.1
2025-09-25 10:01:47,136 - INFO - Planning: 1369 nodes added, tree size: 1370
2025-09-25 10:01:47,171 - INFO - Path: 61 waypoints
2025-09-25 10:01:47,174 - INFO - Result: SUCCESS
2025-09-25 10:01:47,177 - INFO - 
--- ROLLOUT 45/100 ---
2025-09-25 10:01:47,178 - INFO - Obstacles (3):
2025-09-25 10:01:47,178 - INFO -   Obs 0: pos=(31.2, 12.6), r=1.9, v=(0.68, -0.39), speed=0.79
2025-09-25 10:01:47,178 - INFO -   Obs 1: pos=(16.1, 16.6), r=1.8, v=(0.22, -0.49), speed=0.53
2025-09-25 10:01:47,178 - INFO -   Obs 2: pos=(25.0, 13.3), r=1.6, v=(-0.06, -0.51), speed=0.51
2025-09-25 10:01:47,179 - INFO - Start: (24.3, 19.6)
2025-09-25 10:01:47,179 - INFO - Goal:  (5.7, 16.7)
2025-09-25 10:01:47,179 - INFO - Distance: 18.8
2025-09-25 10:03:12,629 - INFO - Planning: 1336 nodes added, tree size: 1337
2025-09-25 10:03:12,659 - INFO - Path: 28 waypoints
2025-09-25 10:03:12,660 - INFO - Result: SUCCESS
2025-09-25 10:03:12,664 - INFO - 
--- ROLLOUT 46/100 ---
2025-09-25 10:03:12,664 - INFO - Obstacles (3):
2025-09-25 10:03:12,665 - INFO -   Obs 0: pos=(20.1, 12.4), r=1.7, v=(-0.14, -0.39), speed=0.42
2025-09-25 10:03:12,665 - INFO -   Obs 1: pos=(24.3, 17.7), r=1.6, v=(-0.39, -0.62), speed=0.73
2025-09-25 10:03:12,665 - INFO -   Obs 2: pos=(33.3, 14.2), r=1.6, v=(-0.24, 0.87), speed=0.91
2025-09-25 10:03:12,665 - INFO - Start: (20.5, 24.6)
2025-09-25 10:03:12,666 - INFO - Goal:  (41.2, 14.7)
2025-09-25 10:03:12,666 - INFO - Distance: 22.9
2025-09-25 10:04:48,581 - INFO - Planning: 1367 nodes added, tree size: 1368
2025-09-25 10:04:48,617 - INFO - Path: 52 waypoints
2025-09-25 10:04:48,619 - INFO - Result: SUCCESS
2025-09-25 10:04:48,623 - INFO - 
--- ROLLOUT 47/100 ---
2025-09-25 10:04:48,623 - INFO - Obstacles (3):
2025-09-25 10:04:48,624 - INFO -   Obs 0: pos=(18.7, 15.0), r=2.0, v=(0.19, -0.10), speed=0.22
2025-09-25 10:04:48,624 - INFO -   Obs 1: pos=(34.6, 15.0), r=2.3, v=(-0.64, -0.64), speed=0.90
2025-09-25 10:04:48,624 - INFO -   Obs 2: pos=(26.1, 13.7), r=1.7, v=(0.58, -0.44), speed=0.73
2025-09-25 10:04:48,624 - INFO - Start: (24.7, 7.8)
2025-09-25 10:04:48,624 - INFO - Goal:  (34.7, 24.8)
2025-09-25 10:04:48,625 - INFO - Distance: 19.8
2025-09-25 10:06:29,784 - INFO - Planning: 1364 nodes added, tree size: 1365
2025-09-25 10:06:29,815 - INFO - Path: 30 waypoints
2025-09-25 10:06:29,817 - INFO - Result: SUCCESS
2025-09-25 10:06:29,821 - INFO - 
--- ROLLOUT 48/100 ---
2025-09-25 10:06:29,821 - INFO - Obstacles (3):
2025-09-25 10:06:29,822 - INFO -   Obs 0: pos=(16.3, 17.6), r=2.5, v=(0.40, -0.44), speed=0.59
2025-09-25 10:06:29,822 - INFO -   Obs 1: pos=(23.1, 12.3), r=2.2, v=(-0.33, 0.31), speed=0.45
2025-09-25 10:06:29,822 - INFO -   Obs 2: pos=(31.6, 14.8), r=1.9, v=(-0.18, -0.16), speed=0.24
2025-09-25 10:06:29,823 - INFO - Start: (8.2, 17.0)
2025-09-25 10:06:29,823 - INFO - Goal:  (38.0, 6.0)
2025-09-25 10:06:29,823 - INFO - Distance: 31.8
2025-09-25 10:07:55,951 - INFO - Planning: 1328 nodes added, tree size: 1329
2025-09-25 10:07:55,980 - INFO - Path: 55 waypoints
2025-09-25 10:07:55,982 - INFO - Result: SUCCESS
2025-09-25 10:07:55,986 - INFO - 
--- ROLLOUT 49/100 ---
2025-09-25 10:07:55,986 - INFO - Obstacles (4):
2025-09-25 10:07:55,987 - INFO -   Obs 0: pos=(16.1, 14.1), r=1.6, v=(0.65, 0.13), speed=0.66
2025-09-25 10:07:55,987 - INFO -   Obs 1: pos=(27.1, 14.0), r=1.6, v=(0.77, 0.63), speed=0.99
2025-09-25 10:07:55,987 - INFO -   Obs 2: pos=(34.3, 16.5), r=1.9, v=(0.79, 0.18), speed=0.81
2025-09-25 10:07:55,987 - INFO -   Obs 3: pos=(21.5, 17.4), r=2.3, v=(0.05, -0.87), speed=0.87
2025-09-25 10:07:55,988 - INFO - Start: (24.0, 5.7)
2025-09-25 10:07:55,988 - INFO - Goal:  (7.2, 15.4)
2025-09-25 10:07:55,988 - INFO - Distance: 19.4
2025-09-25 10:09:32,527 - INFO - Planning: 1314 nodes added, tree size: 1315
2025-09-25 10:09:32,570 - INFO - Path: 20 waypoints
2025-09-25 10:09:32,571 - INFO - Result: SUCCESS
2025-09-25 10:09:32,574 - INFO - 
--- ROLLOUT 50/100 ---
2025-09-25 10:09:32,575 - INFO - Obstacles (3):
2025-09-25 10:09:32,575 - INFO -   Obs 0: pos=(26.1, 12.1), r=2.1, v=(-0.46, 0.81), speed=0.93
2025-09-25 10:09:32,575 - INFO -   Obs 1: pos=(31.8, 14.0), r=1.9, v=(-0.33, -0.07), speed=0.33
2025-09-25 10:09:32,576 - INFO -   Obs 2: pos=(21.1, 15.2), r=1.7, v=(-0.16, 0.16), speed=0.23
2025-09-25 10:09:32,576 - INFO - Start: (8.4, 12.8)
2025-09-25 10:09:32,576 - INFO - Goal:  (33.2, 22.8)
2025-09-25 10:09:32,576 - INFO - Distance: 26.7
2025-09-25 10:10:54,526 - INFO - Planning: 1349 nodes added, tree size: 1350
2025-09-25 10:10:54,564 - INFO - Path: 56 waypoints
2025-09-25 10:10:54,568 - INFO - Result: SUCCESS
2025-09-25 10:10:54,572 - INFO - 
--- ROLLOUT 51/100 ---
2025-09-25 10:10:54,573 - INFO - Obstacles (3):
2025-09-25 10:10:54,573 - INFO -   Obs 0: pos=(27.3, 13.9), r=2.3, v=(-0.17, -0.72), speed=0.74
2025-09-25 10:10:54,573 - INFO -   Obs 1: pos=(19.6, 13.3), r=2.4, v=(-0.69, -0.62), speed=0.93
2025-09-25 10:10:54,573 - INFO -   Obs 2: pos=(34.1, 12.4), r=1.6, v=(0.32, -0.75), speed=0.82
2025-09-25 10:10:54,574 - INFO - Start: (44.6, 6.7)
2025-09-25 10:10:54,574 - INFO - Goal:  (23.2, 20.8)
2025-09-25 10:10:54,574 - INFO - Distance: 25.6
2025-09-25 10:12:56,408 - INFO - Planning: 1308 nodes added, tree size: 1309
2025-09-25 10:12:56,443 - INFO - Path: 50 waypoints
2025-09-25 10:12:56,445 - INFO - Result: SUCCESS
2025-09-25 10:12:56,481 - INFO - 
--- ROLLOUT 52/100 ---
2025-09-25 10:12:56,481 - INFO - Obstacles (3):
2025-09-25 10:12:56,482 - INFO -   Obs 0: pos=(27.5, 14.7), r=1.9, v=(0.22, -0.46), speed=0.51
2025-09-25 10:12:56,482 - INFO -   Obs 1: pos=(19.5, 14.5), r=1.5, v=(-0.78, 0.01), speed=0.78
2025-09-25 10:12:56,482 - INFO -   Obs 2: pos=(34.2, 12.5), r=2.2, v=(-0.88, -0.15), speed=0.89
2025-09-25 10:12:56,482 - INFO - Start: (38.5, 20.1)
2025-09-25 10:12:56,482 - INFO - Goal:  (15.6, 21.4)
2025-09-25 10:12:56,482 - INFO - Distance: 23.0
2025-09-25 10:14:25,597 - INFO - Planning: 1347 nodes added, tree size: 1348
2025-09-25 10:14:25,631 - INFO - Path: 39 waypoints
2025-09-25 10:14:25,633 - INFO - Result: SUCCESS
2025-09-25 10:14:25,637 - INFO - 
--- ROLLOUT 53/100 ---
2025-09-25 10:14:25,638 - INFO - Obstacles (3):
2025-09-25 10:14:25,638 - INFO -   Obs 0: pos=(18.4, 14.4), r=1.8, v=(-0.02, -0.80), speed=0.80
2025-09-25 10:14:25,638 - INFO -   Obs 1: pos=(25.7, 14.3), r=2.2, v=(-0.31, 0.05), speed=0.32
2025-09-25 10:14:25,639 - INFO -   Obs 2: pos=(32.4, 12.1), r=2.4, v=(-0.70, 0.23), speed=0.74
2025-09-25 10:14:25,639 - INFO - Start: (43.5, 18.7)
2025-09-25 10:14:25,639 - INFO - Goal:  (22.3, 23.4)
2025-09-25 10:14:25,639 - INFO - Distance: 21.7
2025-09-25 10:16:00,702 - INFO - Planning: 1344 nodes added, tree size: 1345
2025-09-25 10:16:00,738 - INFO - Path: 46 waypoints
2025-09-25 10:16:00,740 - INFO - Result: SUCCESS
2025-09-25 10:16:00,744 - INFO - 
--- ROLLOUT 54/100 ---
2025-09-25 10:16:00,745 - INFO - Obstacles (3):
2025-09-25 10:16:00,745 - INFO -   Obs 0: pos=(21.7, 13.6), r=1.6, v=(-0.29, -0.42), speed=0.51
2025-09-25 10:16:00,745 - INFO -   Obs 1: pos=(30.5, 16.5), r=2.2, v=(-0.30, -0.19), speed=0.36
2025-09-25 10:16:00,745 - INFO -   Obs 2: pos=(15.2, 12.6), r=1.6, v=(-0.35, 0.13), speed=0.38
2025-09-25 10:16:00,746 - INFO - Start: (33.0, 23.1)
2025-09-25 10:16:00,746 - INFO - Goal:  (26.6, 5.1)
2025-09-25 10:16:00,746 - INFO - Distance: 19.1
2025-09-25 10:17:39,918 - INFO - Planning: 1330 nodes added, tree size: 1331
2025-09-25 10:17:39,954 - INFO - Path: 38 waypoints
2025-09-25 10:17:39,956 - INFO - Result: SUCCESS
2025-09-25 10:17:39,960 - INFO - 
--- ROLLOUT 55/100 ---
2025-09-25 10:17:39,961 - INFO - Obstacles (3):
2025-09-25 10:17:39,961 - INFO -   Obs 0: pos=(17.4, 15.2), r=2.5, v=(-0.22, 0.38), speed=0.44
2025-09-25 10:17:39,962 - INFO -   Obs 1: pos=(31.8, 16.6), r=1.8, v=(0.19, 0.62), speed=0.64
2025-09-25 10:17:39,962 - INFO -   Obs 2: pos=(24.7, 17.3), r=1.9, v=(0.08, 0.21), speed=0.23
2025-09-25 10:17:39,962 - INFO - Start: (11.7, 12.4)
2025-09-25 10:17:39,962 - INFO - Goal:  (28.3, 7.7)
2025-09-25 10:17:39,962 - INFO - Distance: 17.2
2025-09-25 10:19:07,886 - INFO - Planning: 1358 nodes added, tree size: 1359
2025-09-25 10:19:07,920 - INFO - Path: 26 waypoints
2025-09-25 10:19:07,922 - INFO - Result: SUCCESS
2025-09-25 10:19:07,925 - INFO - 
--- ROLLOUT 56/100 ---
2025-09-25 10:19:07,926 - INFO - Obstacles (3):
2025-09-25 10:19:07,926 - INFO -   Obs 0: pos=(30.6, 12.1), r=2.0, v=(0.34, 0.01), speed=0.34
2025-09-25 10:19:07,926 - INFO -   Obs 1: pos=(16.8, 15.9), r=2.4, v=(-0.73, 0.43), speed=0.85
2025-09-25 10:19:07,926 - INFO -   Obs 2: pos=(24.7, 17.3), r=1.6, v=(0.51, -0.25), speed=0.56
2025-09-25 10:19:07,927 - INFO - Start: (33.1, 22.2)
2025-09-25 10:19:07,927 - INFO - Goal:  (34.9, 5.5)
2025-09-25 10:19:07,927 - INFO - Distance: 16.8
2025-09-25 10:20:38,286 - INFO - Planning: 1325 nodes added, tree size: 1326
2025-09-25 10:20:38,316 - INFO - Path: 28 waypoints
2025-09-25 10:20:38,318 - INFO - Result: SUCCESS
2025-09-25 10:20:38,321 - INFO - 
--- ROLLOUT 57/100 ---
2025-09-25 10:20:38,322 - INFO - Obstacles (4):
2025-09-25 10:20:38,322 - INFO -   Obs 0: pos=(24.3, 12.8), r=2.2, v=(0.36, 0.82), speed=0.90
2025-09-25 10:20:38,322 - INFO -   Obs 1: pos=(33.2, 14.2), r=1.6, v=(-0.42, 0.38), speed=0.57
2025-09-25 10:20:38,323 - INFO -   Obs 2: pos=(15.8, 14.2), r=2.1, v=(-0.18, -0.62), speed=0.65
2025-09-25 10:20:38,323 - INFO -   Obs 3: pos=(28.6, 17.6), r=2.0, v=(-0.69, 0.38), speed=0.79
2025-09-25 10:20:38,323 - INFO - Start: (40.8, 24.4)
2025-09-25 10:20:38,323 - INFO - Goal:  (24.2, 5.8)
2025-09-25 10:20:38,323 - INFO - Distance: 25.0
2025-09-25 10:22:22,678 - INFO - Planning: 1334 nodes added, tree size: 1335
2025-09-25 10:22:22,717 - INFO - Path: 47 waypoints
2025-09-25 10:22:22,720 - INFO - Result: SUCCESS
2025-09-25 10:22:22,723 - INFO - 
--- ROLLOUT 58/100 ---
2025-09-25 10:22:22,724 - INFO - Obstacles (3):
2025-09-25 10:22:22,724 - INFO -   Obs 0: pos=(21.2, 14.4), r=2.3, v=(-0.26, 0.09), speed=0.27
2025-09-25 10:22:22,724 - INFO -   Obs 1: pos=(28.4, 12.5), r=2.0, v=(0.16, 0.43), speed=0.45
2025-09-25 10:22:22,724 - INFO -   Obs 2: pos=(34.9, 16.8), r=1.8, v=(0.33, -0.92), speed=0.98
2025-09-25 10:22:22,725 - INFO - Start: (10.4, 8.3)
2025-09-25 10:22:22,725 - INFO - Goal:  (42.5, 15.3)
2025-09-25 10:22:22,725 - INFO - Distance: 32.8
2025-09-25 10:23:47,562 - INFO - Planning: 1354 nodes added, tree size: 1355
2025-09-25 10:23:47,594 - INFO - Path: 16 waypoints
2025-09-25 10:23:47,595 - INFO - Result: SUCCESS
2025-09-25 10:23:47,599 - INFO - 
--- ROLLOUT 59/100 ---
2025-09-25 10:23:47,599 - INFO - Obstacles (3):
2025-09-25 10:23:47,600 - INFO -   Obs 0: pos=(30.3, 15.6), r=1.7, v=(-0.20, 0.41), speed=0.45
2025-09-25 10:23:47,600 - INFO -   Obs 1: pos=(22.0, 12.9), r=1.6, v=(-0.16, 0.81), speed=0.82
2025-09-25 10:23:47,600 - INFO -   Obs 2: pos=(15.3, 14.1), r=2.2, v=(0.36, 0.42), speed=0.55
2025-09-25 10:23:47,601 - INFO - Start: (31.9, 7.1)
2025-09-25 10:23:47,601 - INFO - Goal:  (38.4, 24.6)
2025-09-25 10:23:47,601 - INFO - Distance: 18.6
2025-09-25 10:25:18,092 - INFO - Planning: 1313 nodes added, tree size: 1314
2025-09-25 10:25:18,123 - INFO - Path: 13 waypoints
2025-09-25 10:25:18,124 - INFO - Result: SUCCESS
2025-09-25 10:25:18,127 - INFO - 
--- ROLLOUT 60/100 ---
2025-09-25 10:25:18,128 - INFO - Obstacles (3):
2025-09-25 10:25:18,128 - INFO -   Obs 0: pos=(19.3, 13.4), r=1.6, v=(0.30, -0.03), speed=0.30
2025-09-25 10:25:18,128 - INFO -   Obs 1: pos=(29.1, 15.3), r=1.5, v=(-0.14, 0.26), speed=0.29
2025-09-25 10:25:18,128 - INFO -   Obs 2: pos=(34.8, 12.7), r=2.3, v=(-0.07, -0.42), speed=0.42
2025-09-25 10:25:18,129 - INFO - Start: (24.0, 22.1)
2025-09-25 10:25:18,129 - INFO - Goal:  (6.1, 5.9)
2025-09-25 10:25:18,129 - INFO - Distance: 24.1
2025-09-25 10:26:46,869 - INFO - Planning: 1355 nodes added, tree size: 1356
2025-09-25 10:26:46,899 - INFO - Path: 48 waypoints
2025-09-25 10:26:46,902 - INFO - Result: SUCCESS
2025-09-25 10:26:46,905 - INFO - 
--- ROLLOUT 61/100 ---
2025-09-25 10:26:46,906 - INFO - Obstacles (4):
2025-09-25 10:26:46,906 - INFO -   Obs 0: pos=(22.0, 16.5), r=1.5, v=(0.37, -0.30), speed=0.47
2025-09-25 10:26:46,906 - INFO -   Obs 1: pos=(16.9, 14.1), r=1.9, v=(-0.43, 0.59), speed=0.73
2025-09-25 10:26:46,907 - INFO -   Obs 2: pos=(33.2, 12.4), r=1.8, v=(-0.11, 0.18), speed=0.22
2025-09-25 10:26:46,907 - INFO -   Obs 3: pos=(29.1, 17.2), r=2.1, v=(0.22, 0.94), speed=0.97
2025-09-25 10:26:46,907 - INFO - Start: (25.9, 21.6)
2025-09-25 10:26:46,907 - INFO - Goal:  (43.0, 23.6)
2025-09-25 10:26:46,907 - INFO - Distance: 17.2
2025-09-25 10:28:34,854 - INFO - Planning: 1333 nodes added, tree size: 1334
2025-09-25 10:28:34,894 - INFO - Path: 35 waypoints
2025-09-25 10:28:34,896 - INFO - Result: SUCCESS
2025-09-25 10:28:34,931 - INFO - 
--- ROLLOUT 62/100 ---
2025-09-25 10:28:34,931 - INFO - Obstacles (3):
2025-09-25 10:28:34,932 - INFO -   Obs 0: pos=(24.9, 12.5), r=2.1, v=(0.07, -0.45), speed=0.45
2025-09-25 10:28:34,932 - INFO -   Obs 1: pos=(31.6, 16.4), r=2.3, v=(-0.04, -0.95), speed=0.95
2025-09-25 10:28:34,932 - INFO -   Obs 2: pos=(16.1, 15.2), r=2.2, v=(0.48, 0.41), speed=0.64
2025-09-25 10:28:34,932 - INFO - Start: (30.6, 5.1)
2025-09-25 10:28:34,933 - INFO - Goal:  (10.2, 16.9)
2025-09-25 10:28:34,933 - INFO - Distance: 23.6
2025-09-25 10:30:05,835 - INFO - Planning: 1347 nodes added, tree size: 1348
2025-09-25 10:30:05,870 - INFO - Path: 38 waypoints
2025-09-25 10:30:05,871 - INFO - Result: SUCCESS
2025-09-25 10:30:05,875 - INFO - 
--- ROLLOUT 63/100 ---
2025-09-25 10:30:05,875 - INFO - Obstacles (3):
2025-09-25 10:30:05,876 - INFO -   Obs 0: pos=(30.9, 13.9), r=2.0, v=(-0.04, -0.41), speed=0.41
2025-09-25 10:30:05,876 - INFO -   Obs 1: pos=(19.0, 14.5), r=1.7, v=(0.68, -0.67), speed=0.96
2025-09-25 10:30:05,876 - INFO -   Obs 2: pos=(24.1, 16.0), r=1.6, v=(-0.08, -0.34), speed=0.35
2025-09-25 10:30:05,876 - INFO - Start: (38.4, 20.0)
2025-09-25 10:30:05,877 - INFO - Goal:  (17.5, 22.9)
2025-09-25 10:30:05,877 - INFO - Distance: 21.1
2025-09-25 10:31:45,173 - INFO - Planning: 1363 nodes added, tree size: 1364
2025-09-25 10:31:45,215 - INFO - Path: 30 waypoints
2025-09-25 10:31:45,217 - INFO - Result: SUCCESS
2025-09-25 10:31:45,221 - INFO - 
--- ROLLOUT 64/100 ---
2025-09-25 10:31:45,223 - INFO - Obstacles (4):
2025-09-25 10:31:45,223 - INFO -   Obs 0: pos=(29.7, 14.9), r=2.5, v=(-0.88, -0.32), speed=0.94
2025-09-25 10:31:45,223 - INFO -   Obs 1: pos=(16.1, 13.1), r=2.0, v=(0.30, 0.49), speed=0.57
2025-09-25 10:31:45,223 - INFO -   Obs 2: pos=(23.8, 17.9), r=2.1, v=(-0.28, 0.08), speed=0.29
2025-09-25 10:31:45,224 - INFO -   Obs 3: pos=(23.0, 12.1), r=1.7, v=(-0.40, 0.34), speed=0.52
2025-09-25 10:31:45,224 - INFO - Start: (33.2, 11.3)
2025-09-25 10:31:45,224 - INFO - Goal:  (6.5, 13.0)
2025-09-25 10:31:45,225 - INFO - Distance: 26.7
2025-09-25 10:33:25,958 - INFO - Planning: 1331 nodes added, tree size: 1332
2025-09-25 10:33:25,993 - INFO - Path: 55 waypoints
2025-09-25 10:33:25,996 - INFO - Result: SUCCESS
2025-09-25 10:33:25,999 - INFO - 
--- ROLLOUT 65/100 ---
2025-09-25 10:33:26,000 - INFO - Obstacles (4):
2025-09-25 10:33:26,001 - INFO -   Obs 0: pos=(19.6, 12.4), r=1.5, v=(-0.57, -0.30), speed=0.64
2025-09-25 10:33:26,001 - INFO -   Obs 1: pos=(29.5, 14.8), r=1.9, v=(-0.67, -0.03), speed=0.67
2025-09-25 10:33:26,001 - INFO -   Obs 2: pos=(24.4, 17.8), r=1.7, v=(0.20, 0.73), speed=0.75
2025-09-25 10:33:26,001 - INFO -   Obs 3: pos=(16.0, 17.7), r=2.3, v=(0.78, -0.19), speed=0.80
2025-09-25 10:33:26,002 - INFO - Start: (37.0, 22.5)
2025-09-25 10:33:26,002 - INFO - Goal:  (29.4, 7.9)
2025-09-25 10:33:26,002 - INFO - Distance: 16.4
2025-09-25 10:35:03,746 - INFO - Planning: 1335 nodes added, tree size: 1336
2025-09-25 10:35:03,785 - INFO - Path: 25 waypoints
2025-09-25 10:35:03,787 - INFO - Result: SUCCESS
2025-09-25 10:35:03,790 - INFO - 
--- ROLLOUT 66/100 ---
2025-09-25 10:35:03,790 - INFO - Obstacles (4):
2025-09-25 10:35:03,791 - INFO -   Obs 0: pos=(23.9, 13.2), r=2.0, v=(0.17, -0.70), speed=0.72
2025-09-25 10:35:03,791 - INFO -   Obs 1: pos=(28.9, 17.3), r=2.3, v=(-0.30, 0.20), speed=0.36
2025-09-25 10:35:03,791 - INFO -   Obs 2: pos=(34.8, 13.7), r=1.6, v=(-0.58, -0.20), speed=0.62
2025-09-25 10:35:03,791 - INFO -   Obs 3: pos=(17.2, 12.4), r=1.9, v=(-0.34, -0.35), speed=0.48
2025-09-25 10:35:03,792 - INFO - Start: (9.8, 16.4)
2025-09-25 10:35:03,792 - INFO - Goal:  (36.6, 7.8)
2025-09-25 10:35:03,792 - INFO - Distance: 28.2
2025-09-25 10:36:40,895 - INFO - Planning: 1332 nodes added, tree size: 1333
2025-09-25 10:36:40,936 - INFO - Path: 51 waypoints
2025-09-25 10:36:40,939 - INFO - Result: SUCCESS
2025-09-25 10:36:40,942 - INFO - 
--- ROLLOUT 67/100 ---
2025-09-25 10:36:40,943 - INFO - Obstacles (3):
2025-09-25 10:36:40,943 - INFO -   Obs 0: pos=(16.0, 17.4), r=2.4, v=(0.18, 0.84), speed=0.86
2025-09-25 10:36:40,944 - INFO -   Obs 1: pos=(24.8, 12.7), r=1.8, v=(0.37, -0.39), speed=0.53
2025-09-25 10:36:40,944 - INFO -   Obs 2: pos=(30.6, 14.9), r=2.2, v=(-0.64, -0.50), speed=0.81
2025-09-25 10:36:40,944 - INFO - Start: (18.0, 5.5)
2025-09-25 10:36:40,944 - INFO - Goal:  (38.1, 7.4)
2025-09-25 10:36:40,944 - INFO - Distance: 20.2
2025-09-25 10:38:08,477 - INFO - Planning: 1350 nodes added, tree size: 1351
2025-09-25 10:38:08,513 - INFO - Path: 31 waypoints
2025-09-25 10:38:08,514 - INFO - Result: SUCCESS
2025-09-25 10:38:08,518 - INFO - 
--- ROLLOUT 68/100 ---
2025-09-25 10:38:08,519 - INFO - Obstacles (4):
2025-09-25 10:38:08,519 - INFO -   Obs 0: pos=(19.8, 15.6), r=1.7, v=(-0.60, -0.03), speed=0.60
2025-09-25 10:38:08,519 - INFO -   Obs 1: pos=(34.0, 13.6), r=1.8, v=(-0.24, -0.08), speed=0.25
2025-09-25 10:38:08,519 - INFO -   Obs 2: pos=(26.1, 12.3), r=2.3, v=(0.68, -0.17), speed=0.70
2025-09-25 10:38:08,519 - INFO -   Obs 3: pos=(15.1, 12.1), r=1.7, v=(-0.71, -0.26), speed=0.76
2025-09-25 10:38:08,520 - INFO - Start: (29.6, 18.6)
2025-09-25 10:38:08,520 - INFO - Goal:  (6.0, 20.9)
2025-09-25 10:38:08,520 - INFO - Distance: 23.7
2025-09-25 10:39:49,257 - INFO - Planning: 1347 nodes added, tree size: 1348
2025-09-25 10:39:49,308 - INFO - Path: 30 waypoints
2025-09-25 10:39:49,310 - INFO - Result: SUCCESS
2025-09-25 10:39:49,314 - INFO - 
--- ROLLOUT 69/100 ---
2025-09-25 10:39:49,315 - INFO - Obstacles (3):
2025-09-25 10:39:49,316 - INFO -   Obs 0: pos=(31.8, 13.5), r=2.0, v=(0.84, -0.22), speed=0.87
2025-09-25 10:39:49,316 - INFO -   Obs 1: pos=(16.5, 15.6), r=1.9, v=(0.46, 0.32), speed=0.56
2025-09-25 10:39:49,316 - INFO -   Obs 2: pos=(22.5, 17.3), r=2.2, v=(0.05, -0.24), speed=0.25
2025-09-25 10:39:49,317 - INFO - Start: (13.1, 6.4)
2025-09-25 10:39:49,317 - INFO - Goal:  (9.2, 22.5)
2025-09-25 10:39:49,317 - INFO - Distance: 16.6
2025-09-25 10:41:26,281 - INFO - Planning: 1346 nodes added, tree size: 1347
2025-09-25 10:41:26,316 - INFO - Path: 20 waypoints
2025-09-25 10:41:26,318 - INFO - Result: SUCCESS
2025-09-25 10:41:26,321 - INFO - 
--- ROLLOUT 70/100 ---
2025-09-25 10:41:26,322 - INFO - Obstacles (3):
2025-09-25 10:41:26,323 - INFO -   Obs 0: pos=(24.9, 17.5), r=2.1, v=(-0.20, -0.54), speed=0.57
2025-09-25 10:41:26,323 - INFO -   Obs 1: pos=(31.3, 16.8), r=1.9, v=(-0.70, 0.50), speed=0.86
2025-09-25 10:41:26,323 - INFO -   Obs 2: pos=(15.1, 12.1), r=1.9, v=(-0.30, -0.11), speed=0.31
2025-09-25 10:41:26,323 - INFO - Start: (41.5, 12.2)
2025-09-25 10:41:26,323 - INFO - Goal:  (14.9, 17.6)
2025-09-25 10:41:26,324 - INFO - Distance: 27.2
2025-09-25 10:42:48,500 - INFO - Planning: 1308 nodes added, tree size: 1309
2025-09-25 10:42:48,529 - INFO - Path: 12 waypoints
2025-09-25 10:42:48,530 - INFO - Result: SUCCESS
2025-09-25 10:42:48,534 - INFO - 
--- ROLLOUT 71/100 ---
2025-09-25 10:42:48,535 - INFO - Obstacles (3):
2025-09-25 10:42:48,535 - INFO -   Obs 0: pos=(32.5, 17.1), r=2.5, v=(0.28, -0.24), speed=0.37
2025-09-25 10:42:48,535 - INFO -   Obs 1: pos=(16.6, 14.8), r=2.2, v=(0.56, 0.24), speed=0.61
2025-09-25 10:42:48,536 - INFO -   Obs 2: pos=(25.0, 14.8), r=1.8, v=(-0.53, 0.54), speed=0.76
2025-09-25 10:42:48,536 - INFO - Start: (21.2, 13.1)
2025-09-25 10:42:48,536 - INFO - Goal:  (7.8, 6.1)
2025-09-25 10:42:48,536 - INFO - Distance: 15.1
2025-09-25 10:44:19,848 - INFO - Planning: 1349 nodes added, tree size: 1350
2025-09-25 10:44:19,881 - INFO - Path: 35 waypoints
2025-09-25 10:44:19,883 - INFO - Result: SUCCESS
2025-09-25 10:44:19,920 - INFO - 
--- ROLLOUT 72/100 ---
2025-09-25 10:44:19,920 - INFO - Obstacles (3):
2025-09-25 10:44:19,920 - INFO -   Obs 0: pos=(18.4, 17.2), r=1.9, v=(0.16, 0.24), speed=0.29
2025-09-25 10:44:19,921 - INFO -   Obs 1: pos=(25.7, 14.9), r=1.6, v=(0.86, -0.25), speed=0.89
2025-09-25 10:44:19,921 - INFO -   Obs 2: pos=(33.8, 15.5), r=2.0, v=(-0.17, -0.39), speed=0.42
2025-09-25 10:44:19,921 - INFO - Start: (5.3, 7.9)
2025-09-25 10:44:19,922 - INFO - Goal:  (41.4, 22.6)
2025-09-25 10:44:19,922 - INFO - Distance: 39.0
2025-09-25 10:45:48,182 - INFO - Planning: 1351 nodes added, tree size: 1352
2025-09-25 10:45:48,217 - INFO - Path: 78 waypoints
2025-09-25 10:45:48,220 - INFO - Result: SUCCESS
2025-09-25 10:45:48,223 - INFO - 
--- ROLLOUT 73/100 ---
2025-09-25 10:45:48,224 - INFO - Obstacles (3):
2025-09-25 10:45:48,224 - INFO -   Obs 0: pos=(24.3, 12.2), r=1.6, v=(-0.57, -0.74), speed=0.94
2025-09-25 10:45:48,225 - INFO -   Obs 1: pos=(15.9, 17.3), r=1.7, v=(0.47, -0.42), speed=0.63
2025-09-25 10:45:48,225 - INFO -   Obs 2: pos=(33.0, 17.5), r=1.9, v=(0.02, -0.30), speed=0.30
2025-09-25 10:45:48,225 - INFO - Start: (6.1, 5.3)
2025-09-25 10:45:48,225 - INFO - Goal:  (37.8, 18.6)
2025-09-25 10:45:48,225 - INFO - Distance: 34.4
2025-09-25 10:47:23,003 - INFO - Planning: 1342 nodes added, tree size: 1343
2025-09-25 10:47:23,035 - INFO - Path: 35 waypoints
2025-09-25 10:47:23,036 - INFO - Result: SUCCESS
2025-09-25 10:47:23,040 - INFO - 
--- ROLLOUT 74/100 ---
2025-09-25 10:47:23,041 - INFO - Obstacles (3):
2025-09-25 10:47:23,041 - INFO -   Obs 0: pos=(19.4, 17.3), r=2.3, v=(0.16, -0.29), speed=0.33
2025-09-25 10:47:23,041 - INFO -   Obs 1: pos=(31.3, 15.9), r=1.9, v=(0.34, 0.15), speed=0.37
2025-09-25 10:47:23,041 - INFO -   Obs 2: pos=(24.4, 12.9), r=1.7, v=(0.60, 0.05), speed=0.60
2025-09-25 10:47:23,041 - INFO - Start: (42.0, 23.8)
2025-09-25 10:47:23,042 - INFO - Goal:  (6.6, 23.4)
2025-09-25 10:47:23,042 - INFO - Distance: 35.5
2025-09-25 10:48:46,077 - INFO - Planning: 1354 nodes added, tree size: 1355
2025-09-25 10:48:46,111 - INFO - Path: 52 waypoints
2025-09-25 10:48:46,113 - INFO - Result: SUCCESS
2025-09-25 10:48:46,116 - INFO - 
--- ROLLOUT 75/100 ---
2025-09-25 10:48:46,116 - INFO - Obstacles (3):
2025-09-25 10:48:46,117 - INFO -   Obs 0: pos=(33.6, 13.0), r=2.3, v=(0.79, -0.22), speed=0.82
2025-09-25 10:48:46,117 - INFO -   Obs 1: pos=(27.7, 14.2), r=1.6, v=(-0.41, 0.36), speed=0.54
2025-09-25 10:48:46,117 - INFO -   Obs 2: pos=(19.9, 14.9), r=2.4, v=(-0.49, 0.59), speed=0.77
2025-09-25 10:48:46,118 - INFO - Start: (39.9, 13.8)
2025-09-25 10:48:46,118 - INFO - Goal:  (8.4, 7.5)
2025-09-25 10:48:46,118 - INFO - Distance: 32.1
2025-09-25 10:50:09,216 - INFO - Planning: 1341 nodes added, tree size: 1342
2025-09-25 10:50:09,249 - INFO - Path: 55 waypoints
2025-09-25 10:50:09,251 - INFO - Result: SUCCESS
2025-09-25 10:50:09,255 - INFO - 
--- ROLLOUT 76/100 ---
2025-09-25 10:50:09,256 - INFO - Obstacles (3):
2025-09-25 10:50:09,256 - INFO -   Obs 0: pos=(21.8, 15.5), r=2.0, v=(-0.13, -0.25), speed=0.28
2025-09-25 10:50:09,256 - INFO -   Obs 1: pos=(16.2, 16.5), r=1.5, v=(-0.86, -0.49), speed=0.99
2025-09-25 10:50:09,256 - INFO -   Obs 2: pos=(33.6, 14.8), r=1.8, v=(-0.45, 0.21), speed=0.50
2025-09-25 10:50:09,257 - INFO - Start: (22.9, 7.3)
2025-09-25 10:50:09,257 - INFO - Goal:  (41.1, 20.3)
2025-09-25 10:50:09,257 - INFO - Distance: 22.4
2025-09-25 10:51:37,378 - INFO - Planning: 1367 nodes added, tree size: 1368
2025-09-25 10:51:37,410 - INFO - Path: 52 waypoints
2025-09-25 10:51:37,412 - INFO - Result: SUCCESS
2025-09-25 10:51:37,416 - INFO - 
--- ROLLOUT 77/100 ---
2025-09-25 10:51:37,417 - INFO - Obstacles (3):
2025-09-25 10:51:37,417 - INFO -   Obs 0: pos=(29.4, 16.0), r=2.5, v=(-0.35, -0.64), speed=0.73
2025-09-25 10:51:37,417 - INFO -   Obs 1: pos=(21.9, 17.5), r=2.2, v=(-0.11, -0.71), speed=0.72
2025-09-25 10:51:37,417 - INFO -   Obs 2: pos=(17.1, 12.1), r=2.4, v=(-0.34, 0.78), speed=0.85
2025-09-25 10:51:37,418 - INFO - Start: (37.2, 8.9)
2025-09-25 10:51:37,418 - INFO - Goal:  (20.1, 24.7)
2025-09-25 10:51:37,418 - INFO - Distance: 23.3
2025-09-25 10:53:15,275 - INFO - Planning: 1358 nodes added, tree size: 1359
2025-09-25 10:53:15,308 - INFO - Path: 41 waypoints
2025-09-25 10:53:15,310 - INFO - Result: SUCCESS
2025-09-25 10:53:15,314 - INFO - 
--- ROLLOUT 78/100 ---
2025-09-25 10:53:15,315 - INFO - Obstacles (4):
2025-09-25 10:53:15,315 - INFO -   Obs 0: pos=(33.5, 12.6), r=2.5, v=(0.10, 0.22), speed=0.24
2025-09-25 10:53:15,315 - INFO -   Obs 1: pos=(15.7, 13.4), r=2.0, v=(-0.37, -0.89), speed=0.96
2025-09-25 10:53:15,315 - INFO -   Obs 2: pos=(25.2, 12.1), r=2.1, v=(-0.38, -0.18), speed=0.42
2025-09-25 10:53:15,316 - INFO -   Obs 3: pos=(23.5, 17.7), r=1.5, v=(-0.30, 0.91), speed=0.96
2025-09-25 10:53:15,316 - INFO - Start: (20.1, 24.4)
2025-09-25 10:53:15,316 - INFO - Goal:  (42.0, 8.5)
2025-09-25 10:53:15,316 - INFO - Distance: 27.1
2025-09-25 10:54:56,191 - INFO - Planning: 1337 nodes added, tree size: 1338
2025-09-25 10:54:56,235 - INFO - Path: 21 waypoints
2025-09-25 10:54:56,237 - INFO - Result: SUCCESS
2025-09-25 10:54:56,240 - INFO - 
--- ROLLOUT 79/100 ---
2025-09-25 10:54:56,240 - INFO - Obstacles (3):
2025-09-25 10:54:56,241 - INFO -   Obs 0: pos=(26.8, 16.8), r=1.6, v=(-0.38, 0.53), speed=0.66
2025-09-25 10:54:56,241 - INFO -   Obs 1: pos=(20.6, 13.6), r=1.6, v=(0.43, 0.13), speed=0.45
2025-09-25 10:54:56,241 - INFO -   Obs 2: pos=(32.6, 14.4), r=2.1, v=(-0.04, 0.75), speed=0.75
2025-09-25 10:54:56,241 - INFO - Start: (11.7, 23.6)
2025-09-25 10:54:56,242 - INFO - Goal:  (39.3, 10.8)
2025-09-25 10:54:56,242 - INFO - Distance: 30.4
2025-09-25 10:56:21,846 - INFO - Planning: 1388 nodes added, tree size: 1389
2025-09-25 10:56:21,887 - INFO - Path: 23 waypoints
2025-09-25 10:56:21,888 - INFO - Result: SUCCESS
2025-09-25 10:56:21,892 - INFO - 
--- ROLLOUT 80/100 ---
2025-09-25 10:56:21,893 - INFO - Obstacles (4):
2025-09-25 10:56:21,893 - INFO -   Obs 0: pos=(20.9, 13.3), r=2.2, v=(-0.34, -0.16), speed=0.37
2025-09-25 10:56:21,894 - INFO -   Obs 1: pos=(31.5, 12.2), r=2.0, v=(-0.44, -0.40), speed=0.59
2025-09-25 10:56:21,894 - INFO -   Obs 2: pos=(26.8, 15.8), r=1.7, v=(0.16, 0.17), speed=0.23
2025-09-25 10:56:21,894 - INFO -   Obs 3: pos=(34.8, 17.6), r=1.9, v=(-0.20, -0.18), speed=0.27
2025-09-25 10:56:21,894 - INFO - Start: (15.1, 22.5)
2025-09-25 10:56:21,895 - INFO - Goal:  (44.0, 22.9)
2025-09-25 10:56:21,895 - INFO - Distance: 28.9
2025-09-25 10:57:54,372 - INFO - Planning: 1334 nodes added, tree size: 1335
2025-09-25 10:57:54,408 - INFO - Path: 40 waypoints
2025-09-25 10:57:54,410 - INFO - Result: SUCCESS
2025-09-25 10:57:54,413 - INFO - 
--- ROLLOUT 81/100 ---
2025-09-25 10:57:54,414 - INFO - Obstacles (3):
2025-09-25 10:57:54,414 - INFO -   Obs 0: pos=(27.6, 12.7), r=1.9, v=(-0.62, 0.07), speed=0.62
2025-09-25 10:57:54,414 - INFO -   Obs 1: pos=(34.0, 16.7), r=1.7, v=(-0.15, 0.96), speed=0.97
2025-09-25 10:57:54,415 - INFO -   Obs 2: pos=(20.8, 17.7), r=1.6, v=(0.35, -0.06), speed=0.35
2025-09-25 10:57:54,415 - INFO - Start: (32.5, 23.9)
2025-09-25 10:57:54,415 - INFO - Goal:  (22.4, 8.0)
2025-09-25 10:57:54,415 - INFO - Distance: 18.9
2025-09-25 10:59:19,209 - INFO - Planning: 1361 nodes added, tree size: 1362
2025-09-25 10:59:19,241 - INFO - Path: 51 waypoints
2025-09-25 10:59:19,243 - INFO - Result: SUCCESS
2025-09-25 10:59:19,279 - INFO - 
--- ROLLOUT 82/100 ---
2025-09-25 10:59:19,279 - INFO - Obstacles (4):
2025-09-25 10:59:19,280 - INFO -   Obs 0: pos=(16.9, 13.1), r=1.7, v=(0.23, -0.27), speed=0.35
2025-09-25 10:59:19,280 - INFO -   Obs 1: pos=(24.8, 16.4), r=2.1, v=(0.33, 0.04), speed=0.33
2025-09-25 10:59:19,280 - INFO -   Obs 2: pos=(33.2, 17.8), r=1.6, v=(-0.77, -0.13), speed=0.78
2025-09-25 10:59:19,280 - INFO -   Obs 3: pos=(31.5, 12.6), r=1.8, v=(-0.87, -0.06), speed=0.87
2025-09-25 10:59:19,281 - INFO - Start: (36.7, 11.7)
2025-09-25 10:59:19,281 - INFO - Goal:  (5.1, 24.9)
2025-09-25 10:59:19,281 - INFO - Distance: 34.3
2025-09-25 11:00:55,884 - INFO - Planning: 1354 nodes added, tree size: 1355
2025-09-25 11:00:55,926 - INFO - Path: 33 waypoints
2025-09-25 11:00:55,927 - INFO - Result: SUCCESS
2025-09-25 11:00:55,931 - INFO - 
--- ROLLOUT 83/100 ---
2025-09-25 11:00:55,932 - INFO - Obstacles (3):
2025-09-25 11:00:55,932 - INFO -   Obs 0: pos=(22.2, 14.8), r=1.6, v=(0.72, 0.59), speed=0.93
2025-09-25 11:00:55,932 - INFO -   Obs 1: pos=(29.7, 16.2), r=1.9, v=(0.27, 0.09), speed=0.28
2025-09-25 11:00:55,933 - INFO -   Obs 2: pos=(16.2, 15.9), r=2.1, v=(0.15, 0.29), speed=0.33
2025-09-25 11:00:55,933 - INFO - Start: (42.9, 14.1)
2025-09-25 11:00:55,933 - INFO - Goal:  (27.9, 11.1)
2025-09-25 11:00:55,933 - INFO - Distance: 15.3
2025-09-25 11:02:26,874 - INFO - Planning: 1363 nodes added, tree size: 1364
2025-09-25 11:02:26,908 - INFO - Path: 24 waypoints
2025-09-25 11:02:26,909 - INFO - Result: SUCCESS
2025-09-25 11:02:26,913 - INFO - 
--- ROLLOUT 84/100 ---
2025-09-25 11:02:26,913 - INFO - Obstacles (3):
2025-09-25 11:02:26,914 - INFO -   Obs 0: pos=(23.5, 12.9), r=2.5, v=(-0.97, -0.13), speed=0.98
2025-09-25 11:02:26,914 - INFO -   Obs 1: pos=(31.5, 13.0), r=2.3, v=(-0.22, -0.28), speed=0.36
2025-09-25 11:02:26,914 - INFO -   Obs 2: pos=(16.9, 16.3), r=2.4, v=(0.26, -0.68), speed=0.72
2025-09-25 11:02:26,915 - INFO - Start: (32.3, 17.4)
2025-09-25 11:02:26,915 - INFO - Goal:  (14.8, 21.4)
2025-09-25 11:02:26,915 - INFO - Distance: 18.0
2025-09-25 11:03:52,132 - INFO - Planning: 1305 nodes added, tree size: 1306
2025-09-25 11:03:52,163 - INFO - Path: 12 waypoints
2025-09-25 11:03:52,164 - INFO - Result: SUCCESS
2025-09-25 11:03:52,167 - INFO - 
--- ROLLOUT 85/100 ---
2025-09-25 11:03:52,168 - INFO - Obstacles (3):
2025-09-25 11:03:52,168 - INFO -   Obs 0: pos=(18.1, 12.6), r=1.9, v=(-0.80, -0.38), speed=0.88
2025-09-25 11:03:52,168 - INFO -   Obs 1: pos=(31.4, 12.7), r=1.7, v=(0.75, 0.61), speed=0.97
2025-09-25 11:03:52,168 - INFO -   Obs 2: pos=(24.1, 15.3), r=2.4, v=(0.23, 0.29), speed=0.37
2025-09-25 11:03:52,169 - INFO - Start: (27.7, 24.8)
2025-09-25 11:03:52,169 - INFO - Goal:  (36.0, 6.2)
2025-09-25 11:03:52,169 - INFO - Distance: 20.3
2025-09-25 11:05:26,324 - INFO - Planning: 1334 nodes added, tree size: 1335
2025-09-25 11:05:26,355 - INFO - Path: 13 waypoints
2025-09-25 11:05:26,356 - INFO - Result: SUCCESS
2025-09-25 11:05:26,360 - INFO - 
--- ROLLOUT 86/100 ---
2025-09-25 11:05:26,361 - INFO - Obstacles (3):
2025-09-25 11:05:26,361 - INFO -   Obs 0: pos=(30.8, 17.9), r=1.7, v=(0.05, 0.21), speed=0.22
2025-09-25 11:05:26,361 - INFO -   Obs 1: pos=(18.5, 12.9), r=1.8, v=(0.78, 0.44), speed=0.90
2025-09-25 11:05:26,362 - INFO -   Obs 2: pos=(24.0, 14.5), r=1.7, v=(0.27, -0.22), speed=0.35
2025-09-25 11:05:26,362 - INFO - Start: (38.1, 13.5)
2025-09-25 11:05:26,362 - INFO - Goal:  (11.5, 13.7)
2025-09-25 11:05:26,362 - INFO - Distance: 26.6
2025-09-25 11:06:59,372 - INFO - Planning: 1367 nodes added, tree size: 1368
2025-09-25 11:06:59,406 - INFO - Path: 65 waypoints
2025-09-25 11:06:59,409 - INFO - Result: SUCCESS
2025-09-25 11:06:59,413 - INFO - 
--- ROLLOUT 87/100 ---
2025-09-25 11:06:59,414 - INFO - Obstacles (3):
2025-09-25 11:06:59,414 - INFO -   Obs 0: pos=(31.9, 16.1), r=1.9, v=(-0.14, 0.68), speed=0.70
2025-09-25 11:06:59,415 - INFO -   Obs 1: pos=(23.9, 15.5), r=1.5, v=(-0.13, 0.52), speed=0.54
2025-09-25 11:06:59,415 - INFO -   Obs 2: pos=(15.2, 14.2), r=1.7, v=(-0.19, 0.88), speed=0.90
2025-09-25 11:06:59,415 - INFO - Start: (36.2, 20.7)
2025-09-25 11:06:59,415 - INFO - Goal:  (28.2, 7.1)
2025-09-25 11:06:59,416 - INFO - Distance: 15.8
2025-09-25 11:08:30,983 - INFO - Planning: 1372 nodes added, tree size: 1373
2025-09-25 11:08:31,014 - INFO - Path: 24 waypoints
2025-09-25 11:08:31,015 - INFO - Result: SUCCESS
2025-09-25 11:08:31,019 - INFO - 
--- ROLLOUT 88/100 ---
2025-09-25 11:08:31,020 - INFO - Obstacles (3):
2025-09-25 11:08:31,020 - INFO -   Obs 0: pos=(33.5, 12.7), r=1.6, v=(-0.03, 0.34), speed=0.34
2025-09-25 11:08:31,020 - INFO -   Obs 1: pos=(16.5, 17.1), r=2.4, v=(0.07, 0.27), speed=0.28
2025-09-25 11:08:31,020 - INFO -   Obs 2: pos=(27.5, 13.3), r=1.9, v=(0.54, -0.45), speed=0.71
2025-09-25 11:08:31,021 - INFO - Start: (23.0, 22.8)
2025-09-25 11:08:31,021 - INFO - Goal:  (43.3, 10.1)
2025-09-25 11:08:31,021 - INFO - Distance: 24.0
2025-09-25 11:09:58,824 - INFO - Planning: 1351 nodes added, tree size: 1352
2025-09-25 11:09:58,860 - INFO - Path: 43 waypoints
2025-09-25 11:09:58,862 - INFO - Result: SUCCESS
2025-09-25 11:09:58,866 - INFO - 
--- ROLLOUT 89/100 ---
2025-09-25 11:09:58,867 - INFO - Obstacles (3):
2025-09-25 11:09:58,867 - INFO -   Obs 0: pos=(20.9, 17.0), r=2.1, v=(0.47, -0.10), speed=0.48
2025-09-25 11:09:58,867 - INFO -   Obs 1: pos=(15.6, 13.1), r=1.8, v=(0.12, -0.47), speed=0.49
2025-09-25 11:09:58,868 - INFO -   Obs 2: pos=(30.6, 12.7), r=1.8, v=(0.46, 0.03), speed=0.46
2025-09-25 11:09:58,868 - INFO - Start: (5.4, 7.1)
2025-09-25 11:09:58,868 - INFO - Goal:  (22.4, 8.4)
2025-09-25 11:09:58,868 - INFO - Distance: 17.1
2025-09-25 11:11:22,805 - INFO - Planning: 1312 nodes added, tree size: 1313
2025-09-25 11:11:22,834 - INFO - Path: 27 waypoints
2025-09-25 11:11:22,836 - INFO - Result: SUCCESS
2025-09-25 11:11:22,839 - INFO - 
--- ROLLOUT 90/100 ---
2025-09-25 11:11:22,840 - INFO - Obstacles (3):
2025-09-25 11:11:22,840 - INFO -   Obs 0: pos=(29.5, 16.9), r=2.3, v=(-0.20, -0.05), speed=0.20
2025-09-25 11:11:22,841 - INFO -   Obs 1: pos=(15.9, 12.3), r=1.8, v=(-0.06, 0.75), speed=0.75
2025-09-25 11:11:22,841 - INFO -   Obs 2: pos=(21.8, 16.9), r=2.3, v=(-0.45, -0.04), speed=0.45
2025-09-25 11:11:22,841 - INFO - Start: (38.0, 18.8)
2025-09-25 11:11:22,841 - INFO - Goal:  (24.8, 8.4)
2025-09-25 11:11:22,841 - INFO - Distance: 16.8
2025-09-25 11:12:55,833 - INFO - Planning: 1356 nodes added, tree size: 1357
2025-09-25 11:12:55,868 - INFO - Path: 26 waypoints
2025-09-25 11:12:55,870 - INFO - Result: SUCCESS
2025-09-25 11:12:55,874 - INFO - 
--- ROLLOUT 91/100 ---
2025-09-25 11:12:55,875 - INFO - Obstacles (4):
2025-09-25 11:12:55,875 - INFO -   Obs 0: pos=(22.0, 13.7), r=2.1, v=(-0.03, -0.27), speed=0.28
2025-09-25 11:12:55,875 - INFO -   Obs 1: pos=(33.0, 12.9), r=1.5, v=(-0.46, 0.07), speed=0.47
2025-09-25 11:12:55,876 - INFO -   Obs 2: pos=(28.6, 17.1), r=2.1, v=(0.65, -0.13), speed=0.67
2025-09-25 11:12:55,876 - INFO -   Obs 3: pos=(15.4, 17.9), r=2.4, v=(-0.17, -0.26), speed=0.31
2025-09-25 11:12:55,876 - INFO - Start: (15.8, 24.9)
2025-09-25 11:12:55,877 - INFO - Goal:  (37.3, 22.5)
2025-09-25 11:12:55,877 - INFO - Distance: 21.6
2025-09-25 11:14:41,329 - INFO - Planning: 1300 nodes added, tree size: 1301
2025-09-25 11:14:41,372 - INFO - Path: 35 waypoints
2025-09-25 11:14:41,374 - INFO - Result: SUCCESS
2025-09-25 11:14:41,409 - INFO - 
--- ROLLOUT 92/100 ---
2025-09-25 11:14:41,410 - INFO - Obstacles (3):
2025-09-25 11:14:41,410 - INFO -   Obs 0: pos=(31.8, 12.5), r=1.8, v=(0.28, -0.02), speed=0.29
2025-09-25 11:14:41,411 - INFO -   Obs 1: pos=(26.9, 16.9), r=2.1, v=(-0.33, -0.83), speed=0.89
2025-09-25 11:14:41,411 - INFO -   Obs 2: pos=(17.4, 15.5), r=2.0, v=(-0.16, -0.74), speed=0.76
2025-09-25 11:14:41,411 - INFO - Start: (41.3, 12.1)
2025-09-25 11:14:41,411 - INFO - Goal:  (10.6, 22.6)
2025-09-25 11:14:41,412 - INFO - Distance: 32.5
2025-09-25 11:16:12,457 - INFO - Planning: 1362 nodes added, tree size: 1363
2025-09-25 11:16:12,495 - INFO - Path: 18 waypoints
2025-09-25 11:16:12,496 - INFO - Result: SUCCESS
2025-09-25 11:16:12,500 - INFO - 
--- ROLLOUT 93/100 ---
2025-09-25 11:16:12,500 - INFO - Obstacles (3):
2025-09-25 11:16:12,501 - INFO -   Obs 0: pos=(20.5, 17.9), r=1.9, v=(0.37, -0.47), speed=0.60
2025-09-25 11:16:12,501 - INFO -   Obs 1: pos=(29.4, 14.0), r=2.2, v=(0.10, -0.41), speed=0.42
2025-09-25 11:16:12,501 - INFO -   Obs 2: pos=(16.9, 12.6), r=2.4, v=(-0.80, 0.12), speed=0.81
2025-09-25 11:16:12,502 - INFO - Start: (16.9, 7.4)
2025-09-25 11:16:12,502 - INFO - Goal:  (42.6, 23.4)
2025-09-25 11:16:12,502 - INFO - Distance: 30.3
2025-09-25 11:17:41,930 - INFO - Planning: 1371 nodes added, tree size: 1372
2025-09-25 11:17:41,963 - INFO - Path: 57 waypoints
2025-09-25 11:17:41,966 - INFO - Result: SUCCESS
2025-09-25 11:17:41,969 - INFO - 
--- ROLLOUT 94/100 ---
2025-09-25 11:17:41,970 - INFO - Obstacles (3):
2025-09-25 11:17:41,970 - INFO -   Obs 0: pos=(22.8, 14.1), r=2.4, v=(0.24, 0.36), speed=0.43
2025-09-25 11:17:41,970 - INFO -   Obs 1: pos=(33.7, 17.9), r=2.2, v=(0.53, 0.11), speed=0.54
2025-09-25 11:17:41,970 - INFO -   Obs 2: pos=(15.5, 16.7), r=1.7, v=(-0.39, -0.32), speed=0.50
2025-09-25 11:17:41,971 - INFO - Start: (41.5, 21.8)
2025-09-25 11:17:41,971 - INFO - Goal:  (27.1, 7.5)
2025-09-25 11:17:41,971 - INFO - Distance: 20.3
2025-09-25 11:19:19,159 - INFO - Planning: 1349 nodes added, tree size: 1350
2025-09-25 11:19:19,194 - INFO - Path: 35 waypoints
2025-09-25 11:19:19,196 - INFO - Result: SUCCESS
2025-09-25 11:19:19,200 - INFO - 
--- ROLLOUT 95/100 ---
2025-09-25 11:19:19,201 - INFO - Obstacles (4):
2025-09-25 11:19:19,201 - INFO -   Obs 0: pos=(15.7, 13.4), r=1.9, v=(0.09, -0.96), speed=0.96
2025-09-25 11:19:19,201 - INFO -   Obs 1: pos=(26.8, 13.8), r=2.5, v=(0.82, 0.32), speed=0.88
2025-09-25 11:19:19,201 - INFO -   Obs 2: pos=(33.2, 16.5), r=1.8, v=(0.19, -0.36), speed=0.41
2025-09-25 11:19:19,202 - INFO -   Obs 3: pos=(20.5, 18.0), r=2.3, v=(-0.19, 0.63), speed=0.66
2025-09-25 11:19:19,202 - INFO - Start: (16.3, 5.5)
2025-09-25 11:19:19,202 - INFO - Goal:  (33.5, 23.8)
2025-09-25 11:19:19,202 - INFO - Distance: 25.1
2025-09-25 11:20:54,929 - INFO - Planning: 1313 nodes added, tree size: 1314
2025-09-25 11:20:54,971 - INFO - Path: 50 waypoints
2025-09-25 11:20:54,974 - INFO - Result: SUCCESS
2025-09-25 11:20:54,977 - INFO - 
--- ROLLOUT 96/100 ---
2025-09-25 11:20:54,978 - INFO - Obstacles (4):
2025-09-25 11:20:54,978 - INFO -   Obs 0: pos=(31.6, 12.2), r=2.2, v=(-0.73, 0.68), speed=1.00
2025-09-25 11:20:54,979 - INFO -   Obs 1: pos=(16.6, 12.5), r=2.4, v=(0.10, 0.60), speed=0.60
2025-09-25 11:20:54,979 - INFO -   Obs 2: pos=(23.8, 13.6), r=2.3, v=(-0.11, 0.38), speed=0.40
2025-09-25 11:20:54,979 - INFO -   Obs 3: pos=(28.8, 17.9), r=1.6, v=(0.63, -0.69), speed=0.93
2025-09-25 11:20:54,979 - INFO - Start: (16.5, 23.4)
2025-09-25 11:20:54,979 - INFO - Goal:  (44.6, 20.1)
2025-09-25 11:20:54,980 - INFO - Distance: 28.2
2025-09-25 11:22:25,398 - INFO - Planning: 1363 nodes added, tree size: 1364
2025-09-25 11:22:25,435 - INFO - Path: 15 waypoints
2025-09-25 11:22:25,436 - INFO - Result: SUCCESS
2025-09-25 11:22:25,440 - INFO - 
--- ROLLOUT 97/100 ---
2025-09-25 11:22:25,441 - INFO - Obstacles (4):
2025-09-25 11:22:25,441 - INFO -   Obs 0: pos=(28.3, 12.8), r=1.7, v=(0.43, -0.68), speed=0.80
2025-09-25 11:22:25,441 - INFO -   Obs 1: pos=(15.5, 17.4), r=2.5, v=(-0.81, -0.21), speed=0.84
2025-09-25 11:22:25,441 - INFO -   Obs 2: pos=(20.9, 12.7), r=2.2, v=(0.31, -0.46), speed=0.56
2025-09-25 11:22:25,441 - INFO -   Obs 3: pos=(34.9, 16.4), r=1.6, v=(-0.16, 0.21), speed=0.26
2025-09-25 11:22:25,442 - INFO - Start: (16.5, 24.4)
2025-09-25 11:22:25,442 - INFO - Goal:  (17.8, 7.3)
2025-09-25 11:22:25,442 - INFO - Distance: 17.2
2025-09-25 11:23:59,802 - INFO - Planning: 1319 nodes added, tree size: 1320
2025-09-25 11:23:59,845 - INFO - Path: 26 waypoints
2025-09-25 11:23:59,846 - INFO - Result: SUCCESS
2025-09-25 11:23:59,849 - INFO - 
--- ROLLOUT 98/100 ---
2025-09-25 11:23:59,850 - INFO - Obstacles (3):
2025-09-25 11:23:59,850 - INFO -   Obs 0: pos=(29.1, 16.6), r=2.0, v=(0.20, -0.56), speed=0.59
2025-09-25 11:23:59,851 - INFO -   Obs 1: pos=(23.2, 13.4), r=1.8, v=(-0.91, -0.04), speed=0.91
2025-09-25 11:23:59,851 - INFO -   Obs 2: pos=(15.7, 12.1), r=2.4, v=(0.41, 0.31), speed=0.52
2025-09-25 11:23:59,851 - INFO - Start: (11.8, 22.3)
2025-09-25 11:23:59,851 - INFO - Goal:  (8.3, 7.1)
2025-09-25 11:23:59,852 - INFO - Distance: 15.6
2025-09-25 11:25:31,585 - INFO - Planning: 1352 nodes added, tree size: 1353
2025-09-25 11:25:31,618 - INFO - Path: 21 waypoints
2025-09-25 11:25:31,620 - INFO - Result: SUCCESS
2025-09-25 11:25:31,623 - INFO - 
--- ROLLOUT 99/100 ---
2025-09-25 11:25:31,624 - INFO - Obstacles (4):
2025-09-25 11:25:31,624 - INFO -   Obs 0: pos=(22.5, 16.5), r=1.7, v=(-0.00, -0.33), speed=0.33
2025-09-25 11:25:31,624 - INFO -   Obs 1: pos=(28.0, 12.8), r=2.0, v=(0.20, 0.66), speed=0.69
2025-09-25 11:25:31,624 - INFO -   Obs 2: pos=(34.5, 13.9), r=1.7, v=(-0.22, -0.59), speed=0.63
2025-09-25 11:25:31,624 - INFO -   Obs 3: pos=(16.8, 16.8), r=1.6, v=(0.46, 0.77), speed=0.90
2025-09-25 11:25:31,625 - INFO - Start: (17.9, 22.9)
2025-09-25 11:25:31,625 - INFO - Goal:  (40.3, 21.8)
2025-09-25 11:25:31,625 - INFO - Distance: 22.4
2025-09-25 11:27:12,727 - INFO - Planning: 1364 nodes added, tree size: 1365
2025-09-25 11:27:12,769 - INFO - Path: 13 waypoints
2025-09-25 11:27:12,770 - INFO - Result: SUCCESS
2025-09-25 11:27:12,774 - INFO - 
--- ROLLOUT 100/100 ---
2025-09-25 11:27:12,774 - INFO - Obstacles (4):
2025-09-25 11:27:12,774 - INFO -   Obs 0: pos=(33.9, 17.0), r=2.2, v=(0.35, -0.55), speed=0.65
2025-09-25 11:27:12,775 - INFO -   Obs 1: pos=(24.8, 16.7), r=2.2, v=(-0.51, -0.20), speed=0.55
2025-09-25 11:27:12,775 - INFO -   Obs 2: pos=(30.0, 12.1), r=1.9, v=(-0.20, -0.03), speed=0.20
2025-09-25 11:27:12,775 - INFO -   Obs 3: pos=(15.7, 13.6), r=2.0, v=(0.73, 0.21), speed=0.76
2025-09-25 11:27:12,775 - INFO - Start: (23.5, 7.3)
2025-09-25 11:27:12,776 - INFO - Goal:  (8.6, 19.6)
2025-09-25 11:27:12,776 - INFO - Distance: 19.3
2025-09-25 11:28:56,929 - INFO - Planning: 1322 nodes added, tree size: 1323
2025-09-25 11:28:56,972 - INFO - Path: 36 waypoints
2025-09-25 11:28:56,974 - INFO - Result: SUCCESS
2025-09-25 11:28:56,979 - INFO - 
=== COLLISION RATE ANALYSIS ===
Total rollouts attempted: 100
Rollouts skipped (infeasible start/goal): 0
Actual rollouts completed: 100
Max obstacle speed: 1.0 m/s

Results:
- Successful paths: 100
- Collisions detected: 0
  * No path found: 0
  * Collision on path: 0
- Collision rate: 0.0000 (0.00%)
- 95% Wilson confidence interval: [0.0000, 0.0370]
- 95% Wilson upper bound: 0.0370 (3.70%)

Collision trajectories saved: 0 files
Directory: collision_trajectories/

Verdict: FAILED: 95% upper bound exceeds 1%

2025-09-25 11:28:56,981 - INFO - Starting experiment with 100 rollouts, max_speed=1.0 m/s
2025-09-25 11:28:56,981 - INFO - Experiment timestamp: 20250925_112856
2025-09-25 11:28:56,982 - INFO - 
--- ROLLOUT 1/100 ---
2025-09-25 11:28:56,982 - INFO - Obstacles (4):
2025-09-25 11:28:56,983 - INFO -   Obs 0: pos=(15.5, 13.7), r=1.7, v=(-0.06, -0.74), speed=0.74
2025-09-25 11:28:56,983 - INFO -   Obs 1: pos=(32.8, 12.5), r=1.9, v=(0.37, 0.07), speed=0.37
2025-09-25 11:28:56,983 - INFO -   Obs 2: pos=(25.1, 12.2), r=1.7, v=(-0.37, -0.51), speed=0.64
2025-09-25 11:28:56,983 - INFO -   Obs 3: pos=(20.3, 17.6), r=2.1, v=(-0.26, -0.21), speed=0.34
2025-09-25 11:28:56,984 - INFO - Start: (34.2, 8.3)
2025-09-25 11:28:56,984 - INFO - Goal:  (20.2, 24.8)
2025-09-25 11:28:56,984 - INFO - Distance: 21.6
2025-09-25 11:29:09,052 - INFO - Planning: 1356 nodes added, tree size: 1357
2025-09-25 11:29:09,090 - INFO - Path: 36 waypoints
2025-09-25 11:29:09,093 - INFO - Result: SUCCESS
2025-09-25 11:29:09,127 - INFO - 
--- ROLLOUT 2/100 ---
2025-09-25 11:29:09,128 - INFO - Obstacles (4):
2025-09-25 11:29:09,128 - INFO -   Obs 0: pos=(28.7, 17.1), r=2.3, v=(0.03, 0.22), speed=0.23
2025-09-25 11:29:09,128 - INFO -   Obs 1: pos=(21.3, 13.6), r=1.7, v=(0.84, -0.32), speed=0.90
2025-09-25 11:29:09,128 - INFO -   Obs 2: pos=(15.2, 16.3), r=2.2, v=(-0.40, -0.10), speed=0.41
2025-09-25 11:29:09,128 - INFO -   Obs 3: pos=(34.9, 15.9), r=1.9, v=(-0.29, -0.03), speed=0.30
2025-09-25 11:29:09,129 - INFO - Start: (44.8, 16.1)
2025-09-25 11:29:09,129 - INFO - Goal:  (16.9, 24.4)
2025-09-25 11:29:09,129 - INFO - Distance: 29.1
2025-09-25 11:29:20,322 - INFO - Planning: 1340 nodes added, tree size: 1341
2025-09-25 11:29:20,357 - INFO - Path: 35 waypoints
2025-09-25 11:29:20,359 - INFO - Result: SUCCESS
2025-09-25 11:29:20,363 - INFO - 
--- ROLLOUT 3/100 ---
2025-09-25 11:29:20,363 - INFO - Obstacles (3):
2025-09-25 11:29:20,364 - INFO -   Obs 0: pos=(30.0, 12.3), r=2.1, v=(-0.88, -0.02), speed=0.88
2025-09-25 11:29:20,364 - INFO -   Obs 1: pos=(18.1, 17.8), r=1.6, v=(0.27, 0.62), speed=0.68
2025-09-25 11:29:20,364 - INFO -   Obs 2: pos=(25.5, 17.6), r=1.7, v=(-0.08, -0.38), speed=0.39
2025-09-25 11:29:20,364 - INFO - Start: (17.0, 11.3)
2025-09-25 11:29:20,365 - INFO - Goal:  (35.1, 6.5)
2025-09-25 11:29:20,365 - INFO - Distance: 18.7
2025-09-25 11:29:32,050 - INFO - Planning: 1366 nodes added, tree size: 1367
2025-09-25 11:29:32,085 - INFO - Path: 20 waypoints
2025-09-25 11:29:32,087 - INFO - Result: SUCCESS
2025-09-25 11:29:32,090 - INFO - 
--- ROLLOUT 4/100 ---
2025-09-25 11:29:32,090 - INFO - Obstacles (3):
2025-09-25 11:29:32,091 - INFO -   Obs 0: pos=(27.4, 15.4), r=1.6, v=(-0.59, -0.14), speed=0.60
2025-09-25 11:29:32,091 - INFO -   Obs 1: pos=(17.6, 14.1), r=1.6, v=(0.02, 0.43), speed=0.43
2025-09-25 11:29:32,091 - INFO -   Obs 2: pos=(34.7, 16.8), r=2.0, v=(-0.32, -0.56), speed=0.64
2025-09-25 11:29:32,092 - INFO - Start: (11.4, 19.0)
2025-09-25 11:29:32,092 - INFO - Goal:  (20.3, 5.8)
2025-09-25 11:29:32,092 - INFO - Distance: 16.0
2025-09-25 11:29:43,042 - INFO - Planning: 1364 nodes added, tree size: 1365
2025-09-25 11:29:43,072 - INFO - Path: 18 waypoints
2025-09-25 11:29:43,074 - INFO - Result: SUCCESS
2025-09-25 11:29:43,077 - INFO - 
--- ROLLOUT 5/100 ---
2025-09-25 11:29:43,077 - INFO - Obstacles (3):
2025-09-25 11:29:43,078 - INFO -   Obs 0: pos=(19.4, 16.9), r=2.0, v=(-0.28, 0.79), speed=0.84
2025-09-25 11:29:43,078 - INFO -   Obs 1: pos=(34.6, 15.2), r=2.4, v=(0.73, 0.65), speed=0.98
2025-09-25 11:29:43,078 - INFO -   Obs 2: pos=(25.8, 16.3), r=2.2, v=(-0.24, -0.43), speed=0.49
2025-09-25 11:29:43,078 - INFO - Start: (7.0, 10.0)
2025-09-25 11:29:43,078 - INFO - Goal:  (25.2, 21.6)
2025-09-25 11:29:43,080 - INFO - Distance: 21.6
2025-09-25 11:29:52,765 - INFO - Planning: 1323 nodes added, tree size: 1324
2025-09-25 11:29:52,802 - INFO - Path: 29 waypoints
2025-09-25 11:29:52,803 - INFO - Result: SUCCESS
2025-09-25 11:29:52,806 - INFO - 
--- ROLLOUT 6/100 ---
2025-09-25 11:29:52,807 - INFO - Obstacles (4):
2025-09-25 11:29:52,807 - INFO -   Obs 0: pos=(32.9, 16.5), r=2.0, v=(-0.02, 0.40), speed=0.40
2025-09-25 11:29:52,808 - INFO -   Obs 1: pos=(27.5, 13.6), r=1.6, v=(-0.09, 0.41), speed=0.42
2025-09-25 11:29:52,808 - INFO -   Obs 2: pos=(21.4, 15.2), r=1.6, v=(0.09, 0.75), speed=0.76
2025-09-25 11:29:52,808 - INFO -   Obs 3: pos=(15.5, 14.4), r=2.1, v=(0.70, 0.12), speed=0.71
2025-09-25 11:29:52,808 - INFO - Start: (9.2, 24.2)
2025-09-25 11:29:52,808 - INFO - Goal:  (38.2, 6.7)
2025-09-25 11:29:52,809 - INFO - Distance: 33.9
2025-09-25 11:30:03,609 - INFO - Planning: 1377 nodes added, tree size: 1378
2025-09-25 11:30:03,647 - INFO - Path: 60 waypoints
2025-09-25 11:30:03,650 - INFO - Result: SUCCESS
2025-09-25 11:30:03,653 - INFO - 
--- ROLLOUT 7/100 ---
2025-09-25 11:30:03,654 - INFO - Obstacles (3):
2025-09-25 11:30:03,654 - INFO -   Obs 0: pos=(19.9, 14.8), r=2.1, v=(-0.16, 0.15), speed=0.22
2025-09-25 11:30:03,654 - INFO -   Obs 1: pos=(32.0, 13.1), r=1.7, v=(0.14, -0.45), speed=0.47
2025-09-25 11:30:03,654 - INFO -   Obs 2: pos=(25.5, 13.7), r=1.6, v=(0.13, 0.36), speed=0.38
2025-09-25 11:30:03,655 - INFO - Start: (31.4, 23.7)
2025-09-25 11:30:03,655 - INFO - Goal:  (11.6, 11.2)
2025-09-25 11:30:03,655 - INFO - Distance: 23.4
2025-09-25 11:30:15,462 - INFO - Planning: 1351 nodes added, tree size: 1352
2025-09-25 11:30:15,499 - INFO - Path: 37 waypoints
2025-09-25 11:30:15,501 - INFO - Result: SUCCESS
2025-09-25 11:30:15,504 - INFO - 
--- ROLLOUT 8/100 ---
2025-09-25 11:30:15,505 - INFO - Obstacles (3):
2025-09-25 11:30:15,505 - INFO -   Obs 0: pos=(23.8, 14.8), r=1.8, v=(-0.34, 0.24), speed=0.42
2025-09-25 11:30:15,505 - INFO -   Obs 1: pos=(32.8, 16.4), r=2.1, v=(0.38, 0.06), speed=0.38
2025-09-25 11:30:15,506 - INFO -   Obs 2: pos=(15.4, 16.6), r=2.3, v=(-0.72, -0.37), speed=0.81
2025-09-25 11:30:15,506 - INFO - Start: (34.9, 7.7)
2025-09-25 11:30:15,506 - INFO - Goal:  (5.1, 19.5)
2025-09-25 11:30:15,506 - INFO - Distance: 32.0
2025-09-25 11:30:26,615 - INFO - Planning: 1340 nodes added, tree size: 1341
2025-09-25 11:30:26,644 - INFO - Path: 40 waypoints
2025-09-25 11:30:26,646 - INFO - Result: SUCCESS
2025-09-25 11:30:26,649 - INFO - 
--- ROLLOUT 9/100 ---
2025-09-25 11:30:26,649 - INFO - Obstacles (3):
2025-09-25 11:30:26,650 - INFO -   Obs 0: pos=(32.3, 14.7), r=2.0, v=(-0.40, 0.70), speed=0.81
2025-09-25 11:30:26,650 - INFO -   Obs 1: pos=(22.5, 17.6), r=2.4, v=(0.39, -0.05), speed=0.39
2025-09-25 11:30:26,650 - INFO -   Obs 2: pos=(16.1, 14.2), r=1.9, v=(0.02, 0.53), speed=0.53
2025-09-25 11:30:26,651 - INFO - Start: (13.0, 20.7)
2025-09-25 11:30:26,651 - INFO - Goal:  (25.1, 10.5)
2025-09-25 11:30:26,651 - INFO - Distance: 15.8
2025-09-25 11:30:37,054 - INFO - Planning: 1359 nodes added, tree size: 1360
2025-09-25 11:30:37,087 - INFO - Path: 30 waypoints
2025-09-25 11:30:37,089 - INFO - Result: SUCCESS
2025-09-25 11:30:37,093 - INFO - 
--- ROLLOUT 10/100 ---
2025-09-25 11:30:37,094 - INFO - Obstacles (3):
2025-09-25 11:30:37,094 - INFO -   Obs 0: pos=(20.1, 16.9), r=2.0, v=(0.28, -0.75), speed=0.80
2025-09-25 11:30:37,094 - INFO -   Obs 1: pos=(29.5, 17.9), r=2.5, v=(0.17, -0.46), speed=0.49
2025-09-25 11:30:37,095 - INFO -   Obs 2: pos=(24.9, 12.6), r=2.4, v=(0.37, 0.42), speed=0.56
2025-09-25 11:30:37,095 - INFO - Start: (36.1, 15.3)
2025-09-25 11:30:37,095 - INFO - Goal:  (9.4, 15.1)
2025-09-25 11:30:37,095 - INFO - Distance: 26.8
2025-09-25 11:30:48,194 - INFO - Planning: 1366 nodes added, tree size: 1367
2025-09-25 11:30:48,238 - INFO - Path: 20 waypoints
2025-09-25 11:30:48,239 - INFO - Result: SUCCESS
2025-09-25 11:30:48,242 - INFO - 
--- ROLLOUT 11/100 ---
2025-09-25 11:30:48,243 - INFO - Obstacles (3):
2025-09-25 11:30:48,243 - INFO -   Obs 0: pos=(29.5, 17.5), r=2.2, v=(-0.23, 0.68), speed=0.71
2025-09-25 11:30:48,243 - INFO -   Obs 1: pos=(15.6, 18.0), r=2.3, v=(-0.26, 0.13), speed=0.29
2025-09-25 11:30:48,244 - INFO -   Obs 2: pos=(21.4, 12.9), r=1.6, v=(-0.47, -0.47), speed=0.67
2025-09-25 11:30:48,244 - INFO - Start: (33.5, 12.6)
2025-09-25 11:30:48,244 - INFO - Goal:  (22.2, 22.8)
2025-09-25 11:30:48,244 - INFO - Distance: 15.2
2025-09-25 11:30:58,818 - INFO - Planning: 1350 nodes added, tree size: 1351
2025-09-25 11:30:58,852 - INFO - Path: 33 waypoints
2025-09-25 11:30:58,853 - INFO - Result: SUCCESS
2025-09-25 11:30:58,887 - INFO - 
--- ROLLOUT 12/100 ---
2025-09-25 11:30:58,888 - INFO - Obstacles (4):
2025-09-25 11:30:58,888 - INFO -   Obs 0: pos=(21.8, 14.7), r=1.9, v=(0.45, 0.30), speed=0.54
2025-09-25 11:30:58,888 - INFO -   Obs 1: pos=(28.3, 14.2), r=1.7, v=(0.22, -0.12), speed=0.25
2025-09-25 11:30:58,889 - INFO -   Obs 2: pos=(34.4, 15.6), r=1.9, v=(-0.33, -0.17), speed=0.37
2025-09-25 11:30:58,889 - INFO -   Obs 3: pos=(15.1, 17.2), r=2.1, v=(-0.25, 0.18), speed=0.31
2025-09-25 11:30:58,889 - INFO - Start: (41.8, 6.8)
2025-09-25 11:30:58,889 - INFO - Goal:  (10.9, 8.9)
2025-09-25 11:30:58,890 - INFO - Distance: 31.0
2025-09-25 11:31:09,753 - INFO - Planning: 1298 nodes added, tree size: 1299
2025-09-25 11:31:09,797 - INFO - Path: 49 waypoints
2025-09-25 11:31:09,800 - INFO - Result: SUCCESS
2025-09-25 11:31:09,804 - INFO - 
--- ROLLOUT 13/100 ---
2025-09-25 11:31:09,804 - INFO - Obstacles (3):
2025-09-25 11:31:09,805 - INFO -   Obs 0: pos=(30.2, 15.9), r=1.7, v=(0.09, -0.59), speed=0.60
2025-09-25 11:31:09,805 - INFO -   Obs 1: pos=(18.0, 12.4), r=1.9, v=(-0.14, 0.40), speed=0.42
2025-09-25 11:31:09,805 - INFO -   Obs 2: pos=(24.0, 16.9), r=2.2, v=(-0.25, 0.52), speed=0.58
2025-09-25 11:31:09,806 - INFO - Start: (38.4, 22.7)
2025-09-25 11:31:09,806 - INFO - Goal:  (6.5, 11.7)
2025-09-25 11:31:09,806 - INFO - Distance: 33.7
2025-09-25 11:31:19,781 - INFO - Planning: 1358 nodes added, tree size: 1359
2025-09-25 11:31:19,811 - INFO - Path: 47 waypoints
2025-09-25 11:31:19,814 - INFO - Result: SUCCESS
2025-09-25 11:31:19,817 - INFO - 
--- ROLLOUT 14/100 ---
2025-09-25 11:31:19,817 - INFO - Obstacles (3):
2025-09-25 11:31:19,818 - INFO -   Obs 0: pos=(26.9, 12.9), r=1.7, v=(-0.25, -0.66), speed=0.70
2025-09-25 11:31:19,818 - INFO -   Obs 1: pos=(33.1, 16.3), r=1.5, v=(-0.51, 0.58), speed=0.78
2025-09-25 11:31:19,818 - INFO -   Obs 2: pos=(18.9, 16.1), r=2.1, v=(-0.76, 0.30), speed=0.82
2025-09-25 11:31:19,818 - INFO - Start: (28.0, 19.4)
2025-09-25 11:31:19,819 - INFO - Goal:  (16.7, 5.0)
2025-09-25 11:31:19,819 - INFO - Distance: 18.3
2025-09-25 11:31:31,039 - INFO - Planning: 1347 nodes added, tree size: 1348
2025-09-25 11:31:31,073 - INFO - Path: 23 waypoints
2025-09-25 11:31:31,074 - INFO - Result: SUCCESS
2025-09-25 11:31:31,077 - INFO - 
--- ROLLOUT 15/100 ---
2025-09-25 11:31:31,077 - INFO - Obstacles (3):
2025-09-25 11:31:31,078 - INFO -   Obs 0: pos=(19.8, 14.5), r=2.2, v=(0.84, 0.50), speed=0.98
2025-09-25 11:31:31,078 - INFO -   Obs 1: pos=(34.8, 15.3), r=1.9, v=(-0.70, 0.13), speed=0.71
2025-09-25 11:31:31,078 - INFO -   Obs 2: pos=(27.6, 16.6), r=2.2, v=(-0.12, 0.20), speed=0.24
2025-09-25 11:31:31,079 - INFO - Start: (19.5, 21.0)
2025-09-25 11:31:31,079 - INFO - Goal:  (36.3, 5.7)
2025-09-25 11:31:31,079 - INFO - Distance: 22.7
2025-09-25 11:31:40,974 - INFO - Planning: 1377 nodes added, tree size: 1378
2025-09-25 11:31:41,002 - INFO - Path: 39 waypoints
2025-09-25 11:31:41,004 - INFO - Result: SUCCESS
2025-09-25 11:31:41,007 - INFO - 
--- ROLLOUT 16/100 ---
2025-09-25 11:31:41,008 - INFO - Obstacles (3):
2025-09-25 11:31:41,008 - INFO -   Obs 0: pos=(19.7, 15.9), r=1.9, v=(0.21, -0.07), speed=0.23
2025-09-25 11:31:41,008 - INFO -   Obs 1: pos=(34.2, 12.2), r=1.7, v=(-0.93, -0.10), speed=0.93
2025-09-25 11:31:41,008 - INFO -   Obs 2: pos=(26.0, 13.7), r=1.8, v=(0.42, 0.64), speed=0.77
2025-09-25 11:31:41,009 - INFO - Start: (8.2, 24.0)
2025-09-25 11:31:41,009 - INFO - Goal:  (29.7, 5.6)
2025-09-25 11:31:41,009 - INFO - Distance: 28.3
2025-09-25 11:31:52,132 - INFO - Planning: 1369 nodes added, tree size: 1370
2025-09-25 11:31:52,169 - INFO - Path: 34 waypoints
2025-09-25 11:31:52,171 - INFO - Result: SUCCESS
2025-09-25 11:31:52,174 - INFO - 
--- ROLLOUT 17/100 ---
2025-09-25 11:31:52,175 - INFO - Obstacles (3):
2025-09-25 11:31:52,175 - INFO -   Obs 0: pos=(27.8, 13.8), r=1.7, v=(0.19, -0.49), speed=0.52
2025-09-25 11:31:52,176 - INFO -   Obs 1: pos=(17.9, 17.2), r=1.8, v=(0.47, -0.04), speed=0.48
2025-09-25 11:31:52,176 - INFO -   Obs 2: pos=(33.9, 17.2), r=1.9, v=(0.90, -0.21), speed=0.92
2025-09-25 11:31:52,176 - INFO - Start: (24.6, 16.3)
2025-09-25 11:31:52,176 - INFO - Goal:  (41.0, 22.4)
2025-09-25 11:31:52,176 - INFO - Distance: 17.5
2025-09-25 11:32:02,172 - INFO - Planning: 1357 nodes added, tree size: 1358
2025-09-25 11:32:02,203 - INFO - Path: 21 waypoints
2025-09-25 11:32:02,204 - INFO - Result: SUCCESS
2025-09-25 11:32:02,207 - INFO - 
--- ROLLOUT 18/100 ---
2025-09-25 11:32:02,207 - INFO - Obstacles (3):
2025-09-25 11:32:02,208 - INFO -   Obs 0: pos=(26.9, 13.6), r=2.2, v=(0.65, -0.12), speed=0.66
2025-09-25 11:32:02,208 - INFO -   Obs 1: pos=(19.6, 12.3), r=2.0, v=(-0.77, -0.12), speed=0.78
2025-09-25 11:32:02,208 - INFO -   Obs 2: pos=(34.6, 16.6), r=2.2, v=(-0.22, -0.55), speed=0.59
2025-09-25 11:32:02,208 - INFO - Start: (42.4, 19.4)
2025-09-25 11:32:02,208 - INFO - Goal:  (26.7, 22.9)
2025-09-25 11:32:02,210 - INFO - Distance: 16.0
2025-09-25 11:32:12,601 - INFO - Planning: 1329 nodes added, tree size: 1330
2025-09-25 11:32:12,633 - INFO - Path: 25 waypoints
2025-09-25 11:32:12,634 - INFO - Result: SUCCESS
2025-09-25 11:32:12,639 - INFO - 
--- ROLLOUT 19/100 ---
2025-09-25 11:32:12,639 - INFO - Obstacles (3):
2025-09-25 11:32:12,640 - INFO -   Obs 0: pos=(31.4, 17.7), r=2.3, v=(-0.11, 0.42), speed=0.43
2025-09-25 11:32:12,640 - INFO -   Obs 1: pos=(20.1, 14.9), r=1.7, v=(-0.92, -0.23), speed=0.95
2025-09-25 11:32:12,640 - INFO -   Obs 2: pos=(25.6, 15.8), r=1.6, v=(-0.66, 0.40), speed=0.77
2025-09-25 11:32:12,640 - INFO - Start: (10.6, 11.5)
2025-09-25 11:32:12,641 - INFO - Goal:  (43.2, 11.0)
2025-09-25 11:32:12,641 - INFO - Distance: 32.5
2025-09-25 11:32:23,258 - INFO - Planning: 1363 nodes added, tree size: 1364
2025-09-25 11:32:23,291 - INFO - Path: 43 waypoints
2025-09-25 11:32:23,293 - INFO - Result: SUCCESS
2025-09-25 11:32:23,296 - INFO - 
--- ROLLOUT 20/100 ---
2025-09-25 11:32:23,297 - INFO - Obstacles (3):
2025-09-25 11:32:23,297 - INFO -   Obs 0: pos=(20.2, 14.2), r=1.7, v=(-0.28, -0.50), speed=0.57
2025-09-25 11:32:23,297 - INFO -   Obs 1: pos=(32.8, 16.6), r=2.2, v=(-0.61, -0.73), speed=0.95
2025-09-25 11:32:23,297 - INFO -   Obs 2: pos=(26.3, 15.4), r=2.2, v=(-0.08, 0.20), speed=0.22
2025-09-25 11:32:23,299 - INFO - Start: (15.2, 5.1)
2025-09-25 11:32:23,299 - INFO - Goal:  (40.8, 24.7)
2025-09-25 11:32:23,299 - INFO - Distance: 32.3
2025-09-25 11:32:35,485 - INFO - Planning: 1365 nodes added, tree size: 1366
2025-09-25 11:32:35,518 - INFO - Path: 49 waypoints
2025-09-25 11:32:35,521 - INFO - Result: SUCCESS
2025-09-25 11:32:35,524 - INFO - 
--- ROLLOUT 21/100 ---
2025-09-25 11:32:35,524 - INFO - Obstacles (3):
2025-09-25 11:32:35,524 - INFO -   Obs 0: pos=(15.6, 14.5), r=2.3, v=(0.10, -0.98), speed=0.98
2025-09-25 11:32:35,525 - INFO -   Obs 1: pos=(27.9, 14.5), r=2.5, v=(-0.66, 0.60), speed=0.90
2025-09-25 11:32:35,525 - INFO -   Obs 2: pos=(34.4, 15.3), r=1.6, v=(0.02, 0.36), speed=0.36
2025-09-25 11:32:35,525 - INFO - Start: (11.7, 20.9)
2025-09-25 11:32:35,525 - INFO - Goal:  (7.3, 5.7)
2025-09-25 11:32:35,526 - INFO - Distance: 15.8
2025-09-25 11:32:46,104 - INFO - Planning: 1335 nodes added, tree size: 1336
2025-09-25 11:32:46,134 - INFO - Path: 22 waypoints
2025-09-25 11:32:46,135 - INFO - Result: SUCCESS
2025-09-25 11:32:46,169 - INFO - 
--- ROLLOUT 22/100 ---
2025-09-25 11:32:46,170 - INFO - Obstacles (3):
2025-09-25 11:32:46,170 - INFO -   Obs 0: pos=(33.9, 16.0), r=2.3, v=(-0.74, 0.46), speed=0.87
2025-09-25 11:32:46,171 - INFO -   Obs 1: pos=(19.6, 16.2), r=1.5, v=(-0.50, -0.02), speed=0.50
2025-09-25 11:32:46,171 - INFO -   Obs 2: pos=(27.4, 16.0), r=2.1, v=(-0.59, 0.06), speed=0.59
2025-09-25 11:32:46,171 - INFO - Start: (8.1, 8.2)
2025-09-25 11:32:46,171 - INFO - Goal:  (44.0, 6.1)
2025-09-25 11:32:46,172 - INFO - Distance: 36.0
2025-09-25 11:32:56,462 - INFO - Planning: 1351 nodes added, tree size: 1352
2025-09-25 11:32:56,488 - INFO - Path: 40 waypoints
2025-09-25 11:32:56,491 - INFO - Result: SUCCESS
2025-09-25 11:32:56,493 - INFO - 
--- ROLLOUT 23/100 ---
2025-09-25 11:32:56,494 - INFO - Obstacles (3):
2025-09-25 11:32:56,494 - INFO -   Obs 0: pos=(19.6, 12.5), r=2.1, v=(-0.51, -0.44), speed=0.68
2025-09-25 11:32:56,495 - INFO -   Obs 1: pos=(34.4, 14.0), r=2.1, v=(0.12, -0.55), speed=0.56
2025-09-25 11:32:56,495 - INFO -   Obs 2: pos=(23.9, 16.6), r=1.6, v=(0.46, 0.28), speed=0.54
2025-09-25 11:32:56,495 - INFO - Start: (12.2, 20.4)
2025-09-25 11:32:56,495 - INFO - Goal:  (42.7, 9.2)
2025-09-25 11:32:56,495 - INFO - Distance: 32.5
2025-09-25 11:33:08,624 - INFO - Planning: 1353 nodes added, tree size: 1354
2025-09-25 11:33:08,662 - INFO - Path: 43 waypoints
2025-09-25 11:33:08,665 - INFO - Result: SUCCESS
2025-09-25 11:33:08,668 - INFO - 
--- ROLLOUT 24/100 ---
2025-09-25 11:33:08,669 - INFO - Obstacles (4):
2025-09-25 11:33:08,669 - INFO -   Obs 0: pos=(31.6, 12.4), r=2.3, v=(0.21, -0.71), speed=0.74
2025-09-25 11:33:08,670 - INFO -   Obs 1: pos=(17.8, 13.8), r=1.8, v=(0.31, 0.44), speed=0.54
2025-09-25 11:33:08,670 - INFO -   Obs 2: pos=(26.9, 17.5), r=1.6, v=(0.01, 0.73), speed=0.73
2025-09-25 11:33:08,670 - INFO -   Obs 3: pos=(23.6, 12.0), r=1.7, v=(-0.14, 0.75), speed=0.76
2025-09-25 11:33:08,670 - INFO - Start: (26.7, 24.8)
2025-09-25 11:33:08,670 - INFO - Goal:  (6.3, 10.3)
2025-09-25 11:33:08,671 - INFO - Distance: 25.1
2025-09-25 11:33:19,762 - INFO - Planning: 1342 nodes added, tree size: 1343
2025-09-25 11:33:19,797 - INFO - Path: 37 waypoints
2025-09-25 11:33:19,800 - INFO - Result: SUCCESS
2025-09-25 11:33:19,803 - INFO - 
--- ROLLOUT 25/100 ---
2025-09-25 11:33:19,803 - INFO - Obstacles (4):
2025-09-25 11:33:19,804 - INFO -   Obs 0: pos=(23.8, 18.0), r=2.3, v=(0.07, 0.85), speed=0.85
2025-09-25 11:33:19,804 - INFO -   Obs 1: pos=(27.7, 13.0), r=1.6, v=(0.10, 0.35), speed=0.37
2025-09-25 11:33:19,804 - INFO -   Obs 2: pos=(16.2, 14.1), r=1.8, v=(-0.45, -0.11), speed=0.46
2025-09-25 11:33:19,804 - INFO -   Obs 3: pos=(32.2, 17.9), r=2.2, v=(0.80, 0.55), speed=0.97
2025-09-25 11:33:19,805 - INFO - Start: (36.4, 23.4)
2025-09-25 11:33:19,805 - INFO - Goal:  (10.1, 22.3)
2025-09-25 11:33:19,805 - INFO - Distance: 26.4
2025-09-25 11:33:31,384 - INFO - Planning: 1353 nodes added, tree size: 1354
2025-09-25 11:33:31,424 - INFO - Path: 31 waypoints
2025-09-25 11:33:31,426 - INFO - Result: SUCCESS
2025-09-25 11:33:31,428 - INFO - 
--- ROLLOUT 26/100 ---
2025-09-25 11:33:31,429 - INFO - Obstacles (3):
2025-09-25 11:33:31,429 - INFO -   Obs 0: pos=(17.9, 13.9), r=1.7, v=(0.29, -0.43), speed=0.51
2025-09-25 11:33:31,430 - INFO -   Obs 1: pos=(30.4, 14.4), r=2.2, v=(-0.31, -0.85), speed=0.90
2025-09-25 11:33:31,430 - INFO -   Obs 2: pos=(23.9, 12.0), r=1.8, v=(0.65, 0.61), speed=0.89
2025-09-25 11:33:31,430 - INFO - Start: (26.9, 8.5)
2025-09-25 11:33:31,430 - INFO - Goal:  (23.8, 24.7)
2025-09-25 11:33:31,431 - INFO - Distance: 16.6
2025-09-25 11:33:41,973 - INFO - Planning: 1398 nodes added, tree size: 1399
2025-09-25 11:33:42,006 - INFO - Path: 36 waypoints
2025-09-25 11:33:42,008 - INFO - Result: SUCCESS
2025-09-25 11:33:42,011 - INFO - 
--- ROLLOUT 27/100 ---
2025-09-25 11:33:42,012 - INFO - Obstacles (4):
2025-09-25 11:33:42,012 - INFO -   Obs 0: pos=(15.3, 12.4), r=1.8, v=(0.24, 0.06), speed=0.25
2025-09-25 11:33:42,012 - INFO -   Obs 1: pos=(30.8, 15.0), r=2.1, v=(-0.53, -0.00), speed=0.53
2025-09-25 11:33:42,012 - INFO -   Obs 2: pos=(24.1, 15.7), r=1.8, v=(-0.04, -0.79), speed=0.79
2025-09-25 11:33:42,013 - INFO -   Obs 3: pos=(18.3, 17.7), r=2.0, v=(0.16, -0.76), speed=0.78
2025-09-25 11:33:42,013 - INFO - Start: (11.7, 7.5)
2025-09-25 11:33:42,013 - INFO - Goal:  (36.2, 10.4)
2025-09-25 11:33:42,013 - INFO - Distance: 24.7
2025-09-25 11:33:52,567 - INFO - Planning: 1331 nodes added, tree size: 1332
2025-09-25 11:33:52,607 - INFO - Path: 26 waypoints
2025-09-25 11:33:52,608 - INFO - Result: SUCCESS
2025-09-25 11:33:52,611 - INFO - 
--- ROLLOUT 28/100 ---
2025-09-25 11:33:52,612 - INFO - Obstacles (4):
2025-09-25 11:33:52,612 - INFO -   Obs 0: pos=(30.4, 12.2), r=2.3, v=(-0.03, 0.25), speed=0.25
2025-09-25 11:33:52,613 - INFO -   Obs 1: pos=(24.1, 14.2), r=2.0, v=(-0.45, -0.20), speed=0.49
2025-09-25 11:33:52,613 - INFO -   Obs 2: pos=(15.9, 17.2), r=1.7, v=(-0.50, 0.09), speed=0.51
2025-09-25 11:33:52,613 - INFO -   Obs 3: pos=(34.9, 16.3), r=1.6, v=(0.81, -0.44), speed=0.92
2025-09-25 11:33:52,613 - INFO - Start: (25.8, 19.0)
2025-09-25 11:33:52,614 - INFO - Goal:  (6.2, 13.1)
2025-09-25 11:33:52,614 - INFO - Distance: 20.4
2025-09-25 11:34:05,217 - INFO - Planning: 1311 nodes added, tree size: 1312
2025-09-25 11:34:05,254 - INFO - Path: 25 waypoints
2025-09-25 11:34:05,256 - INFO - Result: SUCCESS
2025-09-25 11:34:05,259 - INFO - 
--- ROLLOUT 29/100 ---
2025-09-25 11:34:05,259 - INFO - Obstacles (3):
2025-09-25 11:34:05,259 - INFO -   Obs 0: pos=(26.1, 15.3), r=1.6, v=(0.67, 0.50), speed=0.84
2025-09-25 11:34:05,259 - INFO -   Obs 1: pos=(17.4, 12.4), r=2.3, v=(0.06, 0.35), speed=0.36
2025-09-25 11:34:05,260 - INFO -   Obs 2: pos=(31.9, 16.9), r=1.6, v=(0.22, -0.09), speed=0.24
2025-09-25 11:34:05,260 - INFO - Start: (34.5, 12.2)
2025-09-25 11:34:05,260 - INFO - Goal:  (10.7, 24.0)
2025-09-25 11:34:05,260 - INFO - Distance: 26.6
2025-09-25 11:34:14,976 - INFO - Planning: 1357 nodes added, tree size: 1358
2025-09-25 11:34:15,008 - INFO - Path: 41 waypoints
2025-09-25 11:34:15,010 - INFO - Result: SUCCESS
2025-09-25 11:34:15,013 - INFO - 
--- ROLLOUT 30/100 ---
2025-09-25 11:34:15,014 - INFO - Obstacles (4):
2025-09-25 11:34:15,014 - INFO -   Obs 0: pos=(25.8, 13.1), r=1.5, v=(0.64, 0.24), speed=0.68
2025-09-25 11:34:15,015 - INFO -   Obs 1: pos=(15.4, 14.9), r=1.8, v=(-0.64, -0.56), speed=0.85
2025-09-25 11:34:15,015 - INFO -   Obs 2: pos=(32.4, 12.4), r=1.6, v=(-0.09, -0.30), speed=0.31
2025-09-25 11:34:15,015 - INFO -   Obs 3: pos=(21.4, 16.9), r=2.1, v=(-0.18, -0.22), speed=0.28
2025-09-25 11:34:15,015 - INFO - Start: (24.6, 6.1)
2025-09-25 11:34:15,016 - INFO - Goal:  (44.1, 14.5)
2025-09-25 11:34:15,016 - INFO - Distance: 21.2
2025-09-25 11:34:27,332 - INFO - Planning: 1337 nodes added, tree size: 1338
2025-09-25 11:34:27,376 - INFO - Path: 25 waypoints
2025-09-25 11:34:27,377 - INFO - Result: SUCCESS
2025-09-25 11:34:27,381 - INFO - 
--- ROLLOUT 31/100 ---
2025-09-25 11:34:27,381 - INFO - Obstacles (4):
2025-09-25 11:34:27,382 - INFO -   Obs 0: pos=(21.2, 14.4), r=2.0, v=(-0.14, -0.23), speed=0.27
2025-09-25 11:34:27,382 - INFO -   Obs 1: pos=(34.4, 15.5), r=2.1, v=(0.46, -0.72), speed=0.85
2025-09-25 11:34:27,382 - INFO -   Obs 2: pos=(28.6, 15.7), r=1.6, v=(0.02, -0.34), speed=0.34
2025-09-25 11:34:27,382 - INFO -   Obs 3: pos=(15.4, 16.9), r=1.8, v=(-0.11, 0.58), speed=0.59
2025-09-25 11:34:27,383 - INFO - Start: (32.8, 7.0)
2025-09-25 11:34:27,383 - INFO - Goal:  (35.4, 22.3)
2025-09-25 11:34:27,383 - INFO - Distance: 15.6
2025-09-25 11:34:38,703 - INFO - Planning: 1334 nodes added, tree size: 1335
2025-09-25 11:34:38,751 - INFO - Path: 17 waypoints
2025-09-25 11:34:38,752 - INFO - Result: SUCCESS
2025-09-25 11:34:38,785 - INFO - 
--- ROLLOUT 32/100 ---
2025-09-25 11:34:38,786 - INFO - Obstacles (3):
2025-09-25 11:34:38,786 - INFO -   Obs 0: pos=(25.3, 13.0), r=1.8, v=(-0.31, -0.01), speed=0.31
2025-09-25 11:34:38,787 - INFO -   Obs 1: pos=(32.0, 17.3), r=1.5, v=(0.30, 0.81), speed=0.87
2025-09-25 11:34:38,787 - INFO -   Obs 2: pos=(17.5, 12.2), r=1.9, v=(-0.28, -0.19), speed=0.34
2025-09-25 11:34:38,787 - INFO - Start: (39.8, 16.7)
2025-09-25 11:34:38,787 - INFO - Goal:  (21.4, 5.4)
2025-09-25 11:34:38,787 - INFO - Distance: 21.6
2025-09-25 11:34:49,354 - INFO - Planning: 1367 nodes added, tree size: 1368
2025-09-25 11:34:49,384 - INFO - Path: 24 waypoints
2025-09-25 11:34:49,386 - INFO - Result: SUCCESS
2025-09-25 11:34:49,389 - INFO - 
--- ROLLOUT 33/100 ---
2025-09-25 11:34:49,390 - INFO - Obstacles (3):
2025-09-25 11:34:49,390 - INFO -   Obs 0: pos=(24.5, 12.8), r=1.7, v=(0.12, -0.36), speed=0.38
2025-09-25 11:34:49,390 - INFO -   Obs 1: pos=(32.0, 14.8), r=1.7, v=(-0.20, 0.58), speed=0.62
2025-09-25 11:34:49,390 - INFO -   Obs 2: pos=(18.8, 15.1), r=1.7, v=(0.83, 0.31), speed=0.89
2025-09-25 11:34:49,391 - INFO - Start: (37.4, 13.1)
2025-09-25 11:34:49,391 - INFO - Goal:  (17.8, 7.8)
2025-09-25 11:34:49,391 - INFO - Distance: 20.3
2025-09-25 11:34:59,615 - INFO - Planning: 1358 nodes added, tree size: 1359
2025-09-25 11:34:59,647 - INFO - Path: 26 waypoints
2025-09-25 11:34:59,648 - INFO - Result: SUCCESS
2025-09-25 11:34:59,651 - INFO - 
--- ROLLOUT 34/100 ---
2025-09-25 11:34:59,652 - INFO - Obstacles (3):
2025-09-25 11:34:59,652 - INFO -   Obs 0: pos=(28.1, 18.0), r=1.8, v=(-0.45, 0.25), speed=0.51
2025-09-25 11:34:59,652 - INFO -   Obs 1: pos=(15.7, 16.2), r=2.1, v=(0.29, 0.73), speed=0.78
2025-09-25 11:34:59,653 - INFO -   Obs 2: pos=(33.9, 12.4), r=2.4, v=(-0.89, -0.00), speed=0.89
2025-09-25 11:34:59,653 - INFO - Start: (20.3, 11.0)
2025-09-25 11:34:59,653 - INFO - Goal:  (7.2, 22.1)
2025-09-25 11:34:59,653 - INFO - Distance: 17.2
2025-09-25 11:35:09,214 - INFO - Planning: 1339 nodes added, tree size: 1340
2025-09-25 11:35:09,248 - INFO - Path: 23 waypoints
2025-09-25 11:35:09,250 - INFO - Result: SUCCESS
2025-09-25 11:35:09,253 - INFO - 
--- ROLLOUT 35/100 ---
2025-09-25 11:35:09,254 - INFO - Obstacles (3):
2025-09-25 11:35:09,254 - INFO -   Obs 0: pos=(34.8, 14.1), r=2.5, v=(0.77, -0.62), speed=0.99
2025-09-25 11:35:09,255 - INFO -   Obs 1: pos=(17.9, 17.2), r=1.7, v=(0.41, 0.23), speed=0.47
2025-09-25 11:35:09,255 - INFO -   Obs 2: pos=(24.0, 13.3), r=2.3, v=(-0.29, -0.15), speed=0.33
2025-09-25 11:35:09,255 - INFO - Start: (33.1, 9.1)
2025-09-25 11:35:09,255 - INFO - Goal:  (11.4, 16.0)
2025-09-25 11:35:09,255 - INFO - Distance: 22.7
2025-09-25 11:35:19,292 - INFO - Planning: 1354 nodes added, tree size: 1355
2025-09-25 11:35:19,328 - INFO - Path: 29 waypoints
2025-09-25 11:35:19,330 - INFO - Result: SUCCESS
2025-09-25 11:35:19,333 - INFO - 
--- ROLLOUT 36/100 ---
2025-09-25 11:35:19,334 - INFO - Obstacles (4):
2025-09-25 11:35:19,334 - INFO -   Obs 0: pos=(28.8, 14.9), r=1.7, v=(0.27, 0.02), speed=0.27
2025-09-25 11:35:19,334 - INFO -   Obs 1: pos=(17.2, 15.4), r=2.0, v=(0.78, -0.26), speed=0.82
2025-09-25 11:35:19,335 - INFO -   Obs 2: pos=(23.4, 17.3), r=1.7, v=(0.53, 0.58), speed=0.78
2025-09-25 11:35:19,335 - INFO -   Obs 3: pos=(34.6, 17.1), r=1.6, v=(0.50, -0.31), speed=0.59
2025-09-25 11:35:19,335 - INFO - Start: (27.0, 21.5)
2025-09-25 11:35:19,335 - INFO - Goal:  (23.1, 6.9)
2025-09-25 11:35:19,336 - INFO - Distance: 15.1
2025-09-25 11:35:32,500 - INFO - Planning: 1317 nodes added, tree size: 1318
2025-09-25 11:35:32,539 - INFO - Path: 34 waypoints
2025-09-25 11:35:32,541 - INFO - Result: SUCCESS
2025-09-25 11:35:32,545 - INFO - 
--- ROLLOUT 37/100 ---
2025-09-25 11:35:32,546 - INFO - Obstacles (3):
2025-09-25 11:35:32,546 - INFO -   Obs 0: pos=(15.0, 14.1), r=2.1, v=(0.20, -0.61), speed=0.64
2025-09-25 11:35:32,546 - INFO -   Obs 1: pos=(22.5, 12.6), r=2.4, v=(-0.86, 0.04), speed=0.86
2025-09-25 11:35:32,546 - INFO -   Obs 2: pos=(29.9, 14.5), r=1.8, v=(0.10, 0.28), speed=0.30
2025-09-25 11:35:32,547 - INFO - Start: (35.4, 16.2)
2025-09-25 11:35:32,547 - INFO - Goal:  (5.5, 7.1)
2025-09-25 11:35:32,547 - INFO - Distance: 31.3
2025-09-25 11:35:43,804 - INFO - Planning: 1323 nodes added, tree size: 1324
2025-09-25 11:35:43,836 - INFO - Path: 42 waypoints
2025-09-25 11:35:43,838 - INFO - Result: SUCCESS
2025-09-25 11:35:43,841 - INFO - 
--- ROLLOUT 38/100 ---
2025-09-25 11:35:43,841 - INFO - Obstacles (2):
2025-09-25 11:35:43,842 - INFO -   Obs 0: pos=(17.9, 16.0), r=1.7, v=(0.00, -0.33), speed=0.33
2025-09-25 11:35:43,842 - INFO -   Obs 1: pos=(28.8, 13.8), r=2.3, v=(0.83, 0.17), speed=0.85
2025-09-25 11:35:43,842 - INFO - Start: (36.8, 16.2)
2025-09-25 11:35:43,842 - INFO - Goal:  (5.7, 18.5)
2025-09-25 11:35:43,842 - INFO - Distance: 31.2
2025-09-25 11:35:53,660 - INFO - Planning: 1377 nodes added, tree size: 1378
2025-09-25 11:35:53,684 - INFO - Path: 45 waypoints
2025-09-25 11:35:53,686 - INFO - Result: SUCCESS
2025-09-25 11:35:53,690 - INFO - 
--- ROLLOUT 39/100 ---
2025-09-25 11:35:53,690 - INFO - Obstacles (3):
2025-09-25 11:35:53,690 - INFO -   Obs 0: pos=(27.8, 15.7), r=2.3, v=(-0.65, -0.39), speed=0.76
2025-09-25 11:35:53,691 - INFO -   Obs 1: pos=(16.5, 17.6), r=1.6, v=(0.10, -0.43), speed=0.44
2025-09-25 11:35:53,691 - INFO -   Obs 2: pos=(34.9, 14.8), r=2.0, v=(-0.06, 0.25), speed=0.25
2025-09-25 11:35:53,691 - INFO - Start: (8.9, 19.5)
2025-09-25 11:35:53,691 - INFO - Goal:  (41.0, 11.4)
2025-09-25 11:35:53,692 - INFO - Distance: 33.1
2025-09-25 11:36:05,344 - INFO - Planning: 1381 nodes added, tree size: 1382
2025-09-25 11:36:05,382 - INFO - Path: 41 waypoints
2025-09-25 11:36:05,385 - INFO - Result: SUCCESS
2025-09-25 11:36:05,387 - INFO - 
--- ROLLOUT 40/100 ---
2025-09-25 11:36:05,388 - INFO - Obstacles (3):
2025-09-25 11:36:05,388 - INFO -   Obs 0: pos=(21.6, 16.0), r=2.2, v=(0.38, 0.53), speed=0.65
2025-09-25 11:36:05,388 - INFO -   Obs 1: pos=(31.2, 17.8), r=1.7, v=(-0.32, 0.76), speed=0.83
2025-09-25 11:36:05,389 - INFO -   Obs 2: pos=(33.8, 12.2), r=2.3, v=(0.05, 0.41), speed=0.41
2025-09-25 11:36:05,389 - INFO - Start: (30.5, 22.6)
2025-09-25 11:36:05,389 - INFO - Goal:  (42.9, 9.3)
2025-09-25 11:36:05,389 - INFO - Distance: 18.1
2025-09-25 11:36:16,999 - INFO - Planning: 1395 nodes added, tree size: 1396
2025-09-25 11:36:17,037 - INFO - Path: 22 waypoints
2025-09-25 11:36:17,039 - INFO - Result: SUCCESS
2025-09-25 11:36:17,042 - INFO - 
--- ROLLOUT 41/100 ---
2025-09-25 11:36:17,043 - INFO - Obstacles (4):
2025-09-25 11:36:17,043 - INFO -   Obs 0: pos=(32.3, 13.0), r=2.3, v=(-0.67, -0.49), speed=0.84
2025-09-25 11:36:17,043 - INFO -   Obs 1: pos=(20.3, 16.3), r=1.8, v=(-0.64, 0.19), speed=0.67
2025-09-25 11:36:17,044 - INFO -   Obs 2: pos=(26.9, 17.7), r=2.3, v=(-0.35, -0.43), speed=0.55
2025-09-25 11:36:17,044 - INFO -   Obs 3: pos=(15.7, 13.4), r=1.5, v=(0.55, 0.83), speed=1.00
2025-09-25 11:36:17,044 - INFO - Start: (42.9, 18.7)
2025-09-25 11:36:17,044 - INFO - Goal:  (5.5, 9.2)
2025-09-25 11:36:17,045 - INFO - Distance: 38.6
2025-09-25 11:36:29,295 - INFO - Planning: 1292 nodes added, tree size: 1293
2025-09-25 11:36:29,334 - INFO - Path: 52 waypoints
2025-09-25 11:36:29,337 - INFO - Result: SUCCESS
2025-09-25 11:36:29,371 - INFO - 
--- ROLLOUT 42/100 ---
2025-09-25 11:36:29,371 - INFO - Obstacles (3):
2025-09-25 11:36:29,372 - INFO -   Obs 0: pos=(21.5, 15.7), r=1.8, v=(-0.37, -0.12), speed=0.39
2025-09-25 11:36:29,372 - INFO -   Obs 1: pos=(31.1, 13.1), r=2.0, v=(0.88, -0.02), speed=0.88
2025-09-25 11:36:29,372 - INFO -   Obs 2: pos=(15.4, 12.7), r=2.4, v=(0.35, -0.08), speed=0.36
2025-09-25 11:36:29,372 - INFO - Start: (31.5, 22.2)
2025-09-25 11:36:29,372 - INFO - Goal:  (17.1, 5.0)
2025-09-25 11:36:29,373 - INFO - Distance: 22.4
2025-09-25 11:36:39,313 - INFO - Planning: 1314 nodes added, tree size: 1315
2025-09-25 11:36:39,341 - INFO - Path: 29 waypoints
2025-09-25 11:36:39,343 - INFO - Result: SUCCESS
2025-09-25 11:36:39,346 - INFO - 
--- ROLLOUT 43/100 ---
2025-09-25 11:36:39,347 - INFO - Obstacles (4):
2025-09-25 11:36:39,347 - INFO -   Obs 0: pos=(21.9, 14.8), r=1.5, v=(0.85, -0.45), speed=0.96
2025-09-25 11:36:39,348 - INFO -   Obs 1: pos=(33.2, 16.8), r=2.2, v=(-0.17, 0.78), speed=0.79
2025-09-25 11:36:39,348 - INFO -   Obs 2: pos=(16.1, 16.7), r=1.6, v=(-0.35, 0.07), speed=0.35
2025-09-25 11:36:39,348 - INFO -   Obs 3: pos=(27.6, 12.3), r=2.4, v=(-0.40, -0.05), speed=0.40
2025-09-25 11:36:39,348 - INFO - Start: (20.2, 8.7)
2025-09-25 11:36:39,349 - INFO - Goal:  (10.2, 22.5)
2025-09-25 11:36:39,349 - INFO - Distance: 17.0
2025-09-25 11:36:50,237 - INFO - Planning: 1303 nodes added, tree size: 1304
2025-09-25 11:36:50,277 - INFO - Path: 20 waypoints
2025-09-25 11:36:50,279 - INFO - Result: SUCCESS
2025-09-25 11:36:50,282 - INFO - 
--- ROLLOUT 44/100 ---
2025-09-25 11:36:50,282 - INFO - Obstacles (3):
2025-09-25 11:36:50,282 - INFO -   Obs 0: pos=(17.1, 13.1), r=1.5, v=(-0.32, -0.40), speed=0.51
2025-09-25 11:36:50,283 - INFO -   Obs 1: pos=(24.8, 15.7), r=2.1, v=(0.36, 0.11), speed=0.38
2025-09-25 11:36:50,283 - INFO -   Obs 2: pos=(30.9, 12.3), r=2.1, v=(-0.77, -0.14), speed=0.79
2025-09-25 11:36:50,283 - INFO - Start: (8.8, 14.2)
2025-09-25 11:36:50,283 - INFO - Goal:  (40.6, 10.0)
2025-09-25 11:36:50,284 - INFO - Distance: 32.1
2025-09-25 11:37:01,881 - INFO - Planning: 1376 nodes added, tree size: 1377
2025-09-25 11:37:01,922 - INFO - Path: 47 waypoints
2025-09-25 11:37:01,924 - INFO - Result: SUCCESS
2025-09-25 11:37:01,927 - INFO - 
--- ROLLOUT 45/100 ---
2025-09-25 11:37:01,928 - INFO - Obstacles (3):
2025-09-25 11:37:01,928 - INFO -   Obs 0: pos=(31.2, 12.6), r=1.9, v=(0.68, -0.39), speed=0.79
2025-09-25 11:37:01,928 - INFO -   Obs 1: pos=(16.1, 16.6), r=1.8, v=(0.22, -0.49), speed=0.53
2025-09-25 11:37:01,929 - INFO -   Obs 2: pos=(25.0, 13.3), r=1.6, v=(-0.06, -0.51), speed=0.51
2025-09-25 11:37:01,929 - INFO - Start: (24.3, 19.6)
2025-09-25 11:37:01,929 - INFO - Goal:  (5.7, 16.7)
2025-09-25 11:37:01,929 - INFO - Distance: 18.8
2025-09-25 11:37:11,958 - INFO - Planning: 1338 nodes added, tree size: 1339
2025-09-25 11:37:12,001 - INFO - Path: 31 waypoints
2025-09-25 11:37:12,002 - INFO - Result: SUCCESS
2025-09-25 11:37:12,004 - INFO - 
--- ROLLOUT 46/100 ---
2025-09-25 11:37:12,005 - INFO - Obstacles (3):
2025-09-25 11:37:12,005 - INFO -   Obs 0: pos=(20.1, 12.4), r=1.7, v=(-0.14, -0.39), speed=0.42
2025-09-25 11:37:12,005 - INFO -   Obs 1: pos=(24.3, 17.7), r=1.6, v=(-0.39, -0.62), speed=0.73
2025-09-25 11:37:12,006 - INFO -   Obs 2: pos=(33.3, 14.2), r=1.6, v=(-0.24, 0.87), speed=0.91
2025-09-25 11:37:12,006 - INFO - Start: (20.5, 24.6)
2025-09-25 11:37:12,006 - INFO - Goal:  (41.2, 14.7)
2025-09-25 11:37:12,007 - INFO - Distance: 22.9
2025-09-25 11:37:23,506 - INFO - Planning: 1363 nodes added, tree size: 1364
2025-09-25 11:37:23,542 - INFO - Path: 25 waypoints
2025-09-25 11:37:23,543 - INFO - Result: SUCCESS
2025-09-25 11:37:23,546 - INFO - 
--- ROLLOUT 47/100 ---
2025-09-25 11:37:23,547 - INFO - Obstacles (3):
2025-09-25 11:37:23,547 - INFO -   Obs 0: pos=(18.7, 15.0), r=2.0, v=(0.19, -0.10), speed=0.22
2025-09-25 11:37:23,547 - INFO -   Obs 1: pos=(34.6, 15.0), r=2.3, v=(-0.64, -0.64), speed=0.90
2025-09-25 11:37:23,548 - INFO -   Obs 2: pos=(26.1, 13.7), r=1.7, v=(0.58, -0.44), speed=0.73
2025-09-25 11:37:23,548 - INFO - Start: (24.7, 7.8)
2025-09-25 11:37:23,548 - INFO - Goal:  (34.7, 24.8)
2025-09-25 11:37:23,548 - INFO - Distance: 19.8
2025-09-25 11:37:35,334 - INFO - Planning: 1362 nodes added, tree size: 1363
2025-09-25 11:37:35,369 - INFO - Path: 29 waypoints
2025-09-25 11:37:35,370 - INFO - Result: SUCCESS
2025-09-25 11:37:35,374 - INFO - 
--- ROLLOUT 48/100 ---
2025-09-25 11:37:35,374 - INFO - Obstacles (3):
2025-09-25 11:37:35,375 - INFO -   Obs 0: pos=(16.3, 17.6), r=2.5, v=(0.40, -0.44), speed=0.59
2025-09-25 11:37:35,375 - INFO -   Obs 1: pos=(23.1, 12.3), r=2.2, v=(-0.33, 0.31), speed=0.45
2025-09-25 11:37:35,375 - INFO -   Obs 2: pos=(31.6, 14.8), r=1.9, v=(-0.18, -0.16), speed=0.24
2025-09-25 11:37:35,375 - INFO - Start: (8.2, 17.0)
2025-09-25 11:37:35,375 - INFO - Goal:  (38.0, 6.0)
2025-09-25 11:37:35,376 - INFO - Distance: 31.8
2025-09-25 11:37:45,175 - INFO - Planning: 1331 nodes added, tree size: 1332
2025-09-25 11:37:45,204 - INFO - Path: 39 waypoints
2025-09-25 11:37:45,206 - INFO - Result: SUCCESS
2025-09-25 11:37:45,209 - INFO - 
--- ROLLOUT 49/100 ---
2025-09-25 11:37:45,210 - INFO - Obstacles (4):
2025-09-25 11:37:45,210 - INFO -   Obs 0: pos=(16.1, 14.1), r=1.6, v=(0.65, 0.13), speed=0.66
2025-09-25 11:37:45,210 - INFO -   Obs 1: pos=(27.1, 14.0), r=1.6, v=(0.77, 0.63), speed=0.99
2025-09-25 11:37:45,211 - INFO -   Obs 2: pos=(34.3, 16.5), r=1.9, v=(0.79, 0.18), speed=0.81
2025-09-25 11:37:45,211 - INFO -   Obs 3: pos=(21.5, 17.4), r=2.3, v=(0.05, -0.87), speed=0.87
2025-09-25 11:37:45,211 - INFO - Start: (24.0, 5.7)
2025-09-25 11:37:45,211 - INFO - Goal:  (7.2, 15.4)
2025-09-25 11:37:45,211 - INFO - Distance: 19.4
2025-09-25 11:37:56,454 - INFO - Planning: 1318 nodes added, tree size: 1319
2025-09-25 11:37:56,496 - INFO - Path: 22 waypoints
2025-09-25 11:37:56,498 - INFO - Result: SUCCESS
2025-09-25 11:37:56,501 - INFO - 
--- ROLLOUT 50/100 ---
2025-09-25 11:37:56,501 - INFO - Obstacles (3):
2025-09-25 11:37:56,501 - INFO -   Obs 0: pos=(26.1, 12.1), r=2.1, v=(-0.46, 0.81), speed=0.93
2025-09-25 11:37:56,502 - INFO -   Obs 1: pos=(31.8, 14.0), r=1.9, v=(-0.33, -0.07), speed=0.33
2025-09-25 11:37:56,502 - INFO -   Obs 2: pos=(21.1, 15.2), r=1.7, v=(-0.16, 0.16), speed=0.23
2025-09-25 11:37:56,502 - INFO - Start: (8.4, 12.8)
2025-09-25 11:37:56,502 - INFO - Goal:  (33.2, 22.8)
2025-09-25 11:37:56,503 - INFO - Distance: 26.7
2025-09-25 11:38:06,435 - INFO - Planning: 1347 nodes added, tree size: 1348
2025-09-25 11:38:06,477 - INFO - Path: 42 waypoints
2025-09-25 11:38:06,480 - INFO - Result: SUCCESS
2025-09-25 11:38:06,484 - INFO - 
--- ROLLOUT 51/100 ---
2025-09-25 11:38:06,484 - INFO - Obstacles (3):
2025-09-25 11:38:06,484 - INFO -   Obs 0: pos=(27.3, 13.9), r=2.3, v=(-0.17, -0.72), speed=0.74
2025-09-25 11:38:06,485 - INFO -   Obs 1: pos=(19.6, 13.3), r=2.4, v=(-0.69, -0.62), speed=0.93
2025-09-25 11:38:06,485 - INFO -   Obs 2: pos=(34.1, 12.4), r=1.6, v=(0.32, -0.75), speed=0.82
2025-09-25 11:38:06,486 - INFO - Start: (44.6, 6.7)
2025-09-25 11:38:06,486 - INFO - Goal:  (23.2, 20.8)
2025-09-25 11:38:06,486 - INFO - Distance: 25.6
2025-09-25 11:38:16,946 - INFO - Planning: 1295 nodes added, tree size: 1296
2025-09-25 11:38:16,980 - INFO - Path: 38 waypoints
2025-09-25 11:38:16,982 - INFO - Result: SUCCESS
2025-09-25 11:38:17,016 - INFO - 
--- ROLLOUT 52/100 ---
2025-09-25 11:38:17,016 - INFO - Obstacles (3):
2025-09-25 11:38:17,017 - INFO -   Obs 0: pos=(27.5, 14.7), r=1.9, v=(0.22, -0.46), speed=0.51
2025-09-25 11:38:17,017 - INFO -   Obs 1: pos=(19.5, 14.5), r=1.5, v=(-0.78, 0.01), speed=0.78
2025-09-25 11:38:17,017 - INFO -   Obs 2: pos=(34.2, 12.5), r=2.2, v=(-0.88, -0.15), speed=0.89
2025-09-25 11:38:17,018 - INFO - Start: (38.5, 20.1)
2025-09-25 11:38:17,018 - INFO - Goal:  (15.6, 21.4)
2025-09-25 11:38:17,018 - INFO - Distance: 23.0
2025-09-25 11:38:27,633 - INFO - Planning: 1354 nodes added, tree size: 1355
2025-09-25 11:38:27,665 - INFO - Path: 25 waypoints
2025-09-25 11:38:27,667 - INFO - Result: SUCCESS
2025-09-25 11:38:27,670 - INFO - 
--- ROLLOUT 53/100 ---
2025-09-25 11:38:27,671 - INFO - Obstacles (3):
2025-09-25 11:38:27,671 - INFO -   Obs 0: pos=(18.4, 14.4), r=1.8, v=(-0.02, -0.80), speed=0.80
2025-09-25 11:38:27,671 - INFO -   Obs 1: pos=(25.7, 14.3), r=2.2, v=(-0.31, 0.05), speed=0.32
2025-09-25 11:38:27,671 - INFO -   Obs 2: pos=(32.4, 12.1), r=2.4, v=(-0.70, 0.23), speed=0.74
2025-09-25 11:38:27,672 - INFO - Start: (43.5, 18.7)
2025-09-25 11:38:27,672 - INFO - Goal:  (22.3, 23.4)
2025-09-25 11:38:27,672 - INFO - Distance: 21.7
2025-09-25 11:38:38,227 - INFO - Planning: 1333 nodes added, tree size: 1334
2025-09-25 11:38:38,261 - INFO - Path: 28 waypoints
2025-09-25 11:38:38,262 - INFO - Result: SUCCESS
2025-09-25 11:38:38,265 - INFO - 
--- ROLLOUT 54/100 ---
2025-09-25 11:38:38,266 - INFO - Obstacles (3):
2025-09-25 11:38:38,266 - INFO -   Obs 0: pos=(21.7, 13.6), r=1.6, v=(-0.29, -0.42), speed=0.51
2025-09-25 11:38:38,266 - INFO -   Obs 1: pos=(30.5, 16.5), r=2.2, v=(-0.30, -0.19), speed=0.36
2025-09-25 11:38:38,267 - INFO -   Obs 2: pos=(15.2, 12.6), r=1.6, v=(-0.35, 0.13), speed=0.38
2025-09-25 11:38:38,267 - INFO - Start: (33.0, 23.1)
2025-09-25 11:38:38,267 - INFO - Goal:  (26.6, 5.1)
2025-09-25 11:38:38,267 - INFO - Distance: 19.1
2025-09-25 11:38:50,610 - INFO - Planning: 1324 nodes added, tree size: 1325
2025-09-25 11:38:50,641 - INFO - Path: 28 waypoints
2025-09-25 11:38:50,643 - INFO - Result: SUCCESS
2025-09-25 11:38:50,646 - INFO - 
--- ROLLOUT 55/100 ---
2025-09-25 11:38:50,646 - INFO - Obstacles (3):
2025-09-25 11:38:50,647 - INFO -   Obs 0: pos=(17.4, 15.2), r=2.5, v=(-0.22, 0.38), speed=0.44
2025-09-25 11:38:50,647 - INFO -   Obs 1: pos=(31.8, 16.6), r=1.8, v=(0.19, 0.62), speed=0.64
2025-09-25 11:38:50,647 - INFO -   Obs 2: pos=(24.7, 17.3), r=1.9, v=(0.08, 0.21), speed=0.23
2025-09-25 11:38:50,647 - INFO - Start: (11.7, 12.4)
2025-09-25 11:38:50,648 - INFO - Goal:  (28.3, 7.7)
2025-09-25 11:38:50,648 - INFO - Distance: 17.2
2025-09-25 11:39:00,556 - INFO - Planning: 1345 nodes added, tree size: 1346
2025-09-25 11:39:00,590 - INFO - Path: 21 waypoints
2025-09-25 11:39:00,592 - INFO - Result: SUCCESS
2025-09-25 11:39:00,595 - INFO - 
--- ROLLOUT 56/100 ---
2025-09-25 11:39:00,595 - INFO - Obstacles (3):
2025-09-25 11:39:00,596 - INFO -   Obs 0: pos=(30.6, 12.1), r=2.0, v=(0.34, 0.01), speed=0.34
2025-09-25 11:39:00,596 - INFO -   Obs 1: pos=(16.8, 15.9), r=2.4, v=(-0.73, 0.43), speed=0.85
2025-09-25 11:39:00,596 - INFO -   Obs 2: pos=(24.7, 17.3), r=1.6, v=(0.51, -0.25), speed=0.56
2025-09-25 11:39:00,596 - INFO - Start: (33.1, 22.2)
2025-09-25 11:39:00,597 - INFO - Goal:  (34.9, 5.5)
2025-09-25 11:39:00,597 - INFO - Distance: 16.8
2025-09-25 11:39:11,457 - INFO - Planning: 1312 nodes added, tree size: 1313
2025-09-25 11:39:11,485 - INFO - Path: 19 waypoints
2025-09-25 11:39:11,487 - INFO - Result: SUCCESS
2025-09-25 11:39:11,489 - INFO - 
--- ROLLOUT 57/100 ---
2025-09-25 11:39:11,490 - INFO - Obstacles (4):
2025-09-25 11:39:11,490 - INFO -   Obs 0: pos=(24.3, 12.8), r=2.2, v=(0.36, 0.82), speed=0.90
2025-09-25 11:39:11,491 - INFO -   Obs 1: pos=(33.2, 14.2), r=1.6, v=(-0.42, 0.38), speed=0.57
2025-09-25 11:39:11,491 - INFO -   Obs 2: pos=(15.8, 14.2), r=2.1, v=(-0.18, -0.62), speed=0.65
2025-09-25 11:39:11,491 - INFO -   Obs 3: pos=(28.6, 17.6), r=2.0, v=(-0.69, 0.38), speed=0.79
2025-09-25 11:39:11,492 - INFO - Start: (40.8, 24.4)
2025-09-25 11:39:11,492 - INFO - Goal:  (24.2, 5.8)
2025-09-25 11:39:11,492 - INFO - Distance: 25.0
2025-09-25 11:39:22,919 - INFO - Planning: 1343 nodes added, tree size: 1344
2025-09-25 11:39:22,954 - INFO - Path: 44 waypoints
2025-09-25 11:39:22,956 - INFO - Result: SUCCESS
2025-09-25 11:39:22,959 - INFO - 
--- ROLLOUT 58/100 ---
2025-09-25 11:39:22,960 - INFO - Obstacles (3):
2025-09-25 11:39:22,960 - INFO -   Obs 0: pos=(21.2, 14.4), r=2.3, v=(-0.26, 0.09), speed=0.27
2025-09-25 11:39:22,960 - INFO -   Obs 1: pos=(28.4, 12.5), r=2.0, v=(0.16, 0.43), speed=0.45
2025-09-25 11:39:22,960 - INFO -   Obs 2: pos=(34.9, 16.8), r=1.8, v=(0.33, -0.92), speed=0.98
2025-09-25 11:39:22,961 - INFO - Start: (10.4, 8.3)
2025-09-25 11:39:22,961 - INFO - Goal:  (42.5, 15.3)
2025-09-25 11:39:22,961 - INFO - Distance: 32.8
2025-09-25 11:39:32,064 - INFO - Planning: 1351 nodes added, tree size: 1352
2025-09-25 11:39:32,101 - INFO - Path: 43 waypoints
2025-09-25 11:39:32,104 - INFO - Result: SUCCESS
2025-09-25 11:39:32,106 - INFO - 
--- ROLLOUT 59/100 ---
2025-09-25 11:39:32,107 - INFO - Obstacles (3):
2025-09-25 11:39:32,107 - INFO -   Obs 0: pos=(30.3, 15.6), r=1.7, v=(-0.20, 0.41), speed=0.45
2025-09-25 11:39:32,107 - INFO -   Obs 1: pos=(22.0, 12.9), r=1.6, v=(-0.16, 0.81), speed=0.82
2025-09-25 11:39:32,108 - INFO -   Obs 2: pos=(15.3, 14.1), r=2.2, v=(0.36, 0.42), speed=0.55
2025-09-25 11:39:32,108 - INFO - Start: (31.9, 7.1)
2025-09-25 11:39:32,108 - INFO - Goal:  (38.4, 24.6)
2025-09-25 11:39:32,108 - INFO - Distance: 18.6
2025-09-25 11:39:42,576 - INFO - Planning: 1305 nodes added, tree size: 1306
2025-09-25 11:39:42,609 - INFO - Path: 13 waypoints
2025-09-25 11:39:42,610 - INFO - Result: SUCCESS
2025-09-25 11:39:42,613 - INFO - 
--- ROLLOUT 60/100 ---
2025-09-25 11:39:42,614 - INFO - Obstacles (3):
2025-09-25 11:39:42,614 - INFO -   Obs 0: pos=(19.3, 13.4), r=1.6, v=(0.30, -0.03), speed=0.30
2025-09-25 11:39:42,614 - INFO -   Obs 1: pos=(29.1, 15.3), r=1.5, v=(-0.14, 0.26), speed=0.29
2025-09-25 11:39:42,614 - INFO -   Obs 2: pos=(34.8, 12.7), r=2.3, v=(-0.07, -0.42), speed=0.42
2025-09-25 11:39:42,615 - INFO - Start: (24.0, 22.1)
2025-09-25 11:39:42,615 - INFO - Goal:  (6.1, 5.9)
2025-09-25 11:39:42,615 - INFO - Distance: 24.1
2025-09-25 11:39:52,450 - INFO - Planning: 1370 nodes added, tree size: 1371
2025-09-25 11:39:52,482 - INFO - Path: 36 waypoints
2025-09-25 11:39:52,484 - INFO - Result: SUCCESS
2025-09-25 11:39:52,487 - INFO - 
--- ROLLOUT 61/100 ---
2025-09-25 11:39:52,487 - INFO - Obstacles (4):
2025-09-25 11:39:52,488 - INFO -   Obs 0: pos=(22.0, 16.5), r=1.5, v=(0.37, -0.30), speed=0.47
2025-09-25 11:39:52,488 - INFO -   Obs 1: pos=(16.9, 14.1), r=1.9, v=(-0.43, 0.59), speed=0.73
2025-09-25 11:39:52,488 - INFO -   Obs 2: pos=(33.2, 12.4), r=1.8, v=(-0.11, 0.18), speed=0.22
2025-09-25 11:39:52,488 - INFO -   Obs 3: pos=(29.1, 17.2), r=2.1, v=(0.22, 0.94), speed=0.97
2025-09-25 11:39:52,489 - INFO - Start: (25.9, 21.6)
2025-09-25 11:39:52,489 - INFO - Goal:  (43.0, 23.6)
2025-09-25 11:39:52,489 - INFO - Distance: 17.2
2025-09-25 11:40:04,698 - INFO - Planning: 1340 nodes added, tree size: 1341
2025-09-25 11:40:04,744 - INFO - Path: 19 waypoints
2025-09-25 11:40:04,746 - INFO - Result: SUCCESS
2025-09-25 11:40:04,779 - INFO - 
--- ROLLOUT 62/100 ---
2025-09-25 11:40:04,779 - INFO - Obstacles (3):
2025-09-25 11:40:04,780 - INFO -   Obs 0: pos=(24.9, 12.5), r=2.1, v=(0.07, -0.45), speed=0.45
2025-09-25 11:40:04,780 - INFO -   Obs 1: pos=(31.6, 16.4), r=2.3, v=(-0.04, -0.95), speed=0.95
2025-09-25 11:40:04,780 - INFO -   Obs 2: pos=(16.1, 15.2), r=2.2, v=(0.48, 0.41), speed=0.64
2025-09-25 11:40:04,781 - INFO - Start: (30.6, 5.1)
2025-09-25 11:40:04,781 - INFO - Goal:  (10.2, 16.9)
2025-09-25 11:40:04,781 - INFO - Distance: 23.6
2025-09-25 11:40:15,527 - INFO - Planning: 1353 nodes added, tree size: 1354
2025-09-25 11:40:15,566 - INFO - Path: 35 waypoints
2025-09-25 11:40:15,567 - INFO - Result: SUCCESS
2025-09-25 11:40:15,570 - INFO - 
--- ROLLOUT 63/100 ---
2025-09-25 11:40:15,571 - INFO - Obstacles (3):
2025-09-25 11:40:15,571 - INFO -   Obs 0: pos=(30.9, 13.9), r=2.0, v=(-0.04, -0.41), speed=0.41
2025-09-25 11:40:15,571 - INFO -   Obs 1: pos=(19.0, 14.5), r=1.7, v=(0.68, -0.67), speed=0.96
2025-09-25 11:40:15,572 - INFO -   Obs 2: pos=(24.1, 16.0), r=1.6, v=(-0.08, -0.34), speed=0.35
2025-09-25 11:40:15,572 - INFO - Start: (38.4, 20.0)
2025-09-25 11:40:15,572 - INFO - Goal:  (17.5, 22.9)
2025-09-25 11:40:15,572 - INFO - Distance: 21.1
2025-09-25 11:40:26,613 - INFO - Planning: 1355 nodes added, tree size: 1356
2025-09-25 11:40:26,653 - INFO - Path: 27 waypoints
2025-09-25 11:40:26,655 - INFO - Result: SUCCESS
2025-09-25 11:40:26,658 - INFO - 
--- ROLLOUT 64/100 ---
2025-09-25 11:40:26,659 - INFO - Obstacles (4):
2025-09-25 11:40:26,659 - INFO -   Obs 0: pos=(29.7, 14.9), r=2.5, v=(-0.88, -0.32), speed=0.94
2025-09-25 11:40:26,659 - INFO -   Obs 1: pos=(16.1, 13.1), r=2.0, v=(0.30, 0.49), speed=0.57
2025-09-25 11:40:26,660 - INFO -   Obs 2: pos=(23.8, 17.9), r=2.1, v=(-0.28, 0.08), speed=0.29
2025-09-25 11:40:26,660 - INFO -   Obs 3: pos=(23.0, 12.1), r=1.7, v=(-0.40, 0.34), speed=0.52
2025-09-25 11:40:26,660 - INFO - Start: (33.2, 11.3)
2025-09-25 11:40:26,661 - INFO - Goal:  (6.5, 13.0)
2025-09-25 11:40:26,661 - INFO - Distance: 26.7
2025-09-25 11:40:38,309 - INFO - Planning: 1328 nodes added, tree size: 1329
2025-09-25 11:40:38,344 - INFO - Path: 37 waypoints
2025-09-25 11:40:38,347 - INFO - Result: SUCCESS
2025-09-25 11:40:38,349 - INFO - 
--- ROLLOUT 65/100 ---
2025-09-25 11:40:38,350 - INFO - Obstacles (4):
2025-09-25 11:40:38,350 - INFO -   Obs 0: pos=(19.6, 12.4), r=1.5, v=(-0.57, -0.30), speed=0.64
2025-09-25 11:40:38,351 - INFO -   Obs 1: pos=(29.5, 14.8), r=1.9, v=(-0.67, -0.03), speed=0.67
2025-09-25 11:40:38,351 - INFO -   Obs 2: pos=(24.4, 17.8), r=1.7, v=(0.20, 0.73), speed=0.75
2025-09-25 11:40:38,351 - INFO -   Obs 3: pos=(16.0, 17.7), r=2.3, v=(0.78, -0.19), speed=0.80
2025-09-25 11:40:38,351 - INFO - Start: (37.0, 22.5)
2025-09-25 11:40:38,351 - INFO - Goal:  (29.4, 7.9)
2025-09-25 11:40:38,352 - INFO - Distance: 16.4
2025-09-25 11:40:49,624 - INFO - Planning: 1333 nodes added, tree size: 1334
2025-09-25 11:40:49,664 - INFO - Path: 23 waypoints
2025-09-25 11:40:49,665 - INFO - Result: SUCCESS
2025-09-25 11:40:49,668 - INFO - 
--- ROLLOUT 66/100 ---
2025-09-25 11:40:49,669 - INFO - Obstacles (4):
2025-09-25 11:40:49,669 - INFO -   Obs 0: pos=(23.9, 13.2), r=2.0, v=(0.17, -0.70), speed=0.72
2025-09-25 11:40:49,669 - INFO -   Obs 1: pos=(28.9, 17.3), r=2.3, v=(-0.30, 0.20), speed=0.36
2025-09-25 11:40:49,670 - INFO -   Obs 2: pos=(34.8, 13.7), r=1.6, v=(-0.58, -0.20), speed=0.62
2025-09-25 11:40:49,670 - INFO -   Obs 3: pos=(17.2, 12.4), r=1.9, v=(-0.34, -0.35), speed=0.48
2025-09-25 11:40:49,670 - INFO - Start: (9.8, 16.4)
2025-09-25 11:40:49,671 - INFO - Goal:  (36.6, 7.8)
2025-09-25 11:40:49,671 - INFO - Distance: 28.2
2025-09-25 11:41:02,122 - INFO - Planning: 1332 nodes added, tree size: 1333
2025-09-25 11:41:02,168 - INFO - Path: 42 waypoints
2025-09-25 11:41:02,170 - INFO - Result: SUCCESS
2025-09-25 11:41:02,173 - INFO - 
--- ROLLOUT 67/100 ---
2025-09-25 11:41:02,173 - INFO - Obstacles (3):
2025-09-25 11:41:02,174 - INFO -   Obs 0: pos=(16.0, 17.4), r=2.4, v=(0.18, 0.84), speed=0.86
2025-09-25 11:41:02,174 - INFO -   Obs 1: pos=(24.8, 12.7), r=1.8, v=(0.37, -0.39), speed=0.53
2025-09-25 11:41:02,174 - INFO -   Obs 2: pos=(30.6, 14.9), r=2.2, v=(-0.64, -0.50), speed=0.81
2025-09-25 11:41:02,174 - INFO - Start: (18.0, 5.5)
2025-09-25 11:41:02,175 - INFO - Goal:  (38.1, 7.4)
2025-09-25 11:41:02,175 - INFO - Distance: 20.2
2025-09-25 11:41:14,056 - INFO - Planning: 1339 nodes added, tree size: 1340
2025-09-25 11:41:14,098 - INFO - Path: 22 waypoints
2025-09-25 11:41:14,100 - INFO - Result: SUCCESS
2025-09-25 11:41:14,103 - INFO - 
--- ROLLOUT 68/100 ---
2025-09-25 11:41:14,104 - INFO - Obstacles (4):
2025-09-25 11:41:14,104 - INFO -   Obs 0: pos=(19.8, 15.6), r=1.7, v=(-0.60, -0.03), speed=0.60
2025-09-25 11:41:14,104 - INFO -   Obs 1: pos=(34.0, 13.6), r=1.8, v=(-0.24, -0.08), speed=0.25
2025-09-25 11:41:14,104 - INFO -   Obs 2: pos=(26.1, 12.3), r=2.3, v=(0.68, -0.17), speed=0.70
2025-09-25 11:41:14,104 - INFO -   Obs 3: pos=(15.1, 12.1), r=1.7, v=(-0.71, -0.26), speed=0.76
2025-09-25 11:41:14,105 - INFO - Start: (29.6, 18.6)
2025-09-25 11:41:14,105 - INFO - Goal:  (6.0, 20.9)
2025-09-25 11:41:14,105 - INFO - Distance: 23.7
2025-09-25 11:41:25,547 - INFO - Planning: 1359 nodes added, tree size: 1360
2025-09-25 11:41:25,591 - INFO - Path: 29 waypoints
2025-09-25 11:41:25,593 - INFO - Result: SUCCESS
2025-09-25 11:41:25,596 - INFO - 
--- ROLLOUT 69/100 ---
2025-09-25 11:41:25,597 - INFO - Obstacles (3):
2025-09-25 11:41:25,597 - INFO -   Obs 0: pos=(31.8, 13.5), r=2.0, v=(0.84, -0.22), speed=0.87
2025-09-25 11:41:25,597 - INFO -   Obs 1: pos=(16.5, 15.6), r=1.9, v=(0.46, 0.32), speed=0.56
2025-09-25 11:41:25,598 - INFO -   Obs 2: pos=(22.5, 17.3), r=2.2, v=(0.05, -0.24), speed=0.25
2025-09-25 11:41:25,598 - INFO - Start: (13.1, 6.4)
2025-09-25 11:41:25,598 - INFO - Goal:  (9.2, 22.5)
2025-09-25 11:41:25,598 - INFO - Distance: 16.6
2025-09-25 11:41:36,556 - INFO - Planning: 1348 nodes added, tree size: 1349
2025-09-25 11:41:36,590 - INFO - Path: 19 waypoints
2025-09-25 11:41:36,591 - INFO - Result: SUCCESS
2025-09-25 11:41:36,594 - INFO - 
--- ROLLOUT 70/100 ---
2025-09-25 11:41:36,594 - INFO - Obstacles (3):
2025-09-25 11:41:36,595 - INFO -   Obs 0: pos=(24.9, 17.5), r=2.1, v=(-0.20, -0.54), speed=0.57
2025-09-25 11:41:36,595 - INFO -   Obs 1: pos=(31.3, 16.8), r=1.9, v=(-0.70, 0.50), speed=0.86
2025-09-25 11:41:36,595 - INFO -   Obs 2: pos=(15.1, 12.1), r=1.9, v=(-0.30, -0.11), speed=0.31
2025-09-25 11:41:36,595 - INFO - Start: (41.5, 12.2)
2025-09-25 11:41:36,595 - INFO - Goal:  (14.9, 17.6)
2025-09-25 11:41:36,596 - INFO - Distance: 27.2
2025-09-25 11:41:46,984 - INFO - Planning: 1340 nodes added, tree size: 1341
2025-09-25 11:41:47,014 - INFO - Path: 36 waypoints
2025-09-25 11:41:47,016 - INFO - Result: SUCCESS
2025-09-25 11:41:47,019 - INFO - 
--- ROLLOUT 71/100 ---
2025-09-25 11:41:47,020 - INFO - Obstacles (3):
2025-09-25 11:41:47,020 - INFO -   Obs 0: pos=(32.5, 17.1), r=2.5, v=(0.28, -0.24), speed=0.37
2025-09-25 11:41:47,020 - INFO -   Obs 1: pos=(16.6, 14.8), r=2.2, v=(0.56, 0.24), speed=0.61
2025-09-25 11:41:47,020 - INFO -   Obs 2: pos=(25.0, 14.8), r=1.8, v=(-0.53, 0.54), speed=0.76
2025-09-25 11:41:47,021 - INFO - Start: (21.2, 13.1)
2025-09-25 11:41:47,021 - INFO - Goal:  (7.8, 6.1)
2025-09-25 11:41:47,021 - INFO - Distance: 15.1
2025-09-25 11:41:59,138 - INFO - Planning: 1349 nodes added, tree size: 1350
2025-09-25 11:41:59,177 - INFO - Path: 18 waypoints
2025-09-25 11:41:59,178 - INFO - Result: SUCCESS
2025-09-25 11:41:59,212 - INFO - 
--- ROLLOUT 72/100 ---
2025-09-25 11:41:59,213 - INFO - Obstacles (3):
2025-09-25 11:41:59,213 - INFO -   Obs 0: pos=(18.4, 17.2), r=1.9, v=(0.16, 0.24), speed=0.29
2025-09-25 11:41:59,213 - INFO -   Obs 1: pos=(25.7, 14.9), r=1.6, v=(0.86, -0.25), speed=0.89
2025-09-25 11:41:59,214 - INFO -   Obs 2: pos=(33.8, 15.5), r=2.0, v=(-0.17, -0.39), speed=0.42
2025-09-25 11:41:59,214 - INFO - Start: (5.3, 7.9)
2025-09-25 11:41:59,214 - INFO - Goal:  (41.4, 22.6)
2025-09-25 11:41:59,214 - INFO - Distance: 39.0
2025-09-25 11:42:09,191 - INFO - Planning: 1347 nodes added, tree size: 1348
2025-09-25 11:42:09,228 - INFO - Path: 65 waypoints
2025-09-25 11:42:09,231 - INFO - Result: SUCCESS
2025-09-25 11:42:09,234 - INFO - 
--- ROLLOUT 73/100 ---
2025-09-25 11:42:09,235 - INFO - Obstacles (3):
2025-09-25 11:42:09,235 - INFO -   Obs 0: pos=(24.3, 12.2), r=1.6, v=(-0.57, -0.74), speed=0.94
2025-09-25 11:42:09,235 - INFO -   Obs 1: pos=(15.9, 17.3), r=1.7, v=(0.47, -0.42), speed=0.63
2025-09-25 11:42:09,235 - INFO -   Obs 2: pos=(33.0, 17.5), r=1.9, v=(0.02, -0.30), speed=0.30
2025-09-25 11:42:09,236 - INFO - Start: (6.1, 5.3)
2025-09-25 11:42:09,236 - INFO - Goal:  (37.8, 18.6)
2025-09-25 11:42:09,236 - INFO - Distance: 34.4
2025-09-25 11:42:19,714 - INFO - Planning: 1348 nodes added, tree size: 1349
2025-09-25 11:42:19,750 - INFO - Path: 42 waypoints
2025-09-25 11:42:19,752 - INFO - Result: SUCCESS
2025-09-25 11:42:19,755 - INFO - 
--- ROLLOUT 74/100 ---
2025-09-25 11:42:19,755 - INFO - Obstacles (3):
2025-09-25 11:42:19,756 - INFO -   Obs 0: pos=(19.4, 17.3), r=2.3, v=(0.16, -0.29), speed=0.33
2025-09-25 11:42:19,756 - INFO -   Obs 1: pos=(31.3, 15.9), r=1.9, v=(0.34, 0.15), speed=0.37
2025-09-25 11:42:19,756 - INFO -   Obs 2: pos=(24.4, 12.9), r=1.7, v=(0.60, 0.05), speed=0.60
2025-09-25 11:42:19,757 - INFO - Start: (42.0, 23.8)
2025-09-25 11:42:19,757 - INFO - Goal:  (6.6, 23.4)
2025-09-25 11:42:19,757 - INFO - Distance: 35.5
2025-09-25 11:42:29,770 - INFO - Planning: 1347 nodes added, tree size: 1348
2025-09-25 11:42:29,804 - INFO - Path: 38 waypoints
2025-09-25 11:42:29,806 - INFO - Result: SUCCESS
2025-09-25 11:42:29,809 - INFO - 
--- ROLLOUT 75/100 ---
2025-09-25 11:42:29,809 - INFO - Obstacles (3):
2025-09-25 11:42:29,810 - INFO -   Obs 0: pos=(33.6, 13.0), r=2.3, v=(0.79, -0.22), speed=0.82
2025-09-25 11:42:29,810 - INFO -   Obs 1: pos=(27.7, 14.2), r=1.6, v=(-0.41, 0.36), speed=0.54
2025-09-25 11:42:29,810 - INFO -   Obs 2: pos=(19.9, 14.9), r=2.4, v=(-0.49, 0.59), speed=0.77
2025-09-25 11:42:29,811 - INFO - Start: (39.9, 13.8)
2025-09-25 11:42:29,811 - INFO - Goal:  (8.4, 7.5)
2025-09-25 11:42:29,811 - INFO - Distance: 32.1
2025-09-25 11:42:39,703 - INFO - Planning: 1351 nodes added, tree size: 1352
2025-09-25 11:42:39,739 - INFO - Path: 23 waypoints
2025-09-25 11:42:39,741 - INFO - Result: SUCCESS
2025-09-25 11:42:39,744 - INFO - 
--- ROLLOUT 76/100 ---
2025-09-25 11:42:39,745 - INFO - Obstacles (3):
2025-09-25 11:42:39,745 - INFO -   Obs 0: pos=(21.8, 15.5), r=2.0, v=(-0.13, -0.25), speed=0.28
2025-09-25 11:42:39,745 - INFO -   Obs 1: pos=(16.2, 16.5), r=1.5, v=(-0.86, -0.49), speed=0.99
2025-09-25 11:42:39,746 - INFO -   Obs 2: pos=(33.6, 14.8), r=1.8, v=(-0.45, 0.21), speed=0.50
2025-09-25 11:42:39,746 - INFO - Start: (22.9, 7.3)
2025-09-25 11:42:39,746 - INFO - Goal:  (41.1, 20.3)
2025-09-25 11:42:39,746 - INFO - Distance: 22.4
2025-09-25 11:42:49,931 - INFO - Planning: 1373 nodes added, tree size: 1374
2025-09-25 11:42:49,968 - INFO - Path: 35 waypoints
2025-09-25 11:42:49,969 - INFO - Result: SUCCESS
2025-09-25 11:42:49,972 - INFO - 
--- ROLLOUT 77/100 ---
2025-09-25 11:42:49,973 - INFO - Obstacles (3):
2025-09-25 11:42:49,973 - INFO -   Obs 0: pos=(29.4, 16.0), r=2.5, v=(-0.35, -0.64), speed=0.73
2025-09-25 11:42:49,974 - INFO -   Obs 1: pos=(21.9, 17.5), r=2.2, v=(-0.11, -0.71), speed=0.72
2025-09-25 11:42:49,974 - INFO -   Obs 2: pos=(17.1, 12.1), r=2.4, v=(-0.34, 0.78), speed=0.85
2025-09-25 11:42:49,974 - INFO - Start: (37.2, 8.9)
2025-09-25 11:42:49,974 - INFO - Goal:  (20.1, 24.7)
2025-09-25 11:42:49,974 - INFO - Distance: 23.3
2025-09-25 11:43:01,411 - INFO - Planning: 1355 nodes added, tree size: 1356
2025-09-25 11:43:01,449 - INFO - Path: 26 waypoints
2025-09-25 11:43:01,451 - INFO - Result: SUCCESS
2025-09-25 11:43:01,454 - INFO - 
--- ROLLOUT 78/100 ---
2025-09-25 11:43:01,454 - INFO - Obstacles (4):
2025-09-25 11:43:01,454 - INFO -   Obs 0: pos=(33.5, 12.6), r=2.5, v=(0.10, 0.22), speed=0.24
2025-09-25 11:43:01,455 - INFO -   Obs 1: pos=(15.7, 13.4), r=2.0, v=(-0.37, -0.89), speed=0.96
2025-09-25 11:43:01,455 - INFO -   Obs 2: pos=(25.2, 12.1), r=2.1, v=(-0.38, -0.18), speed=0.42
2025-09-25 11:43:01,455 - INFO -   Obs 3: pos=(23.5, 17.7), r=1.5, v=(-0.30, 0.91), speed=0.96
2025-09-25 11:43:01,456 - INFO - Start: (20.1, 24.4)
2025-09-25 11:43:01,456 - INFO - Goal:  (42.0, 8.5)
2025-09-25 11:43:01,456 - INFO - Distance: 27.1
2025-09-25 11:43:12,921 - INFO - Planning: 1322 nodes added, tree size: 1323
2025-09-25 11:43:12,961 - INFO - Path: 30 waypoints
2025-09-25 11:43:12,962 - INFO - Result: SUCCESS
2025-09-25 11:43:12,965 - INFO - 
--- ROLLOUT 79/100 ---
2025-09-25 11:43:12,966 - INFO - Obstacles (3):
2025-09-25 11:43:12,966 - INFO -   Obs 0: pos=(26.8, 16.8), r=1.6, v=(-0.38, 0.53), speed=0.66
2025-09-25 11:43:12,967 - INFO -   Obs 1: pos=(20.6, 13.6), r=1.6, v=(0.43, 0.13), speed=0.45
2025-09-25 11:43:12,967 - INFO -   Obs 2: pos=(32.6, 14.4), r=2.1, v=(-0.04, 0.75), speed=0.75
2025-09-25 11:43:12,967 - INFO - Start: (11.7, 23.6)
2025-09-25 11:43:12,967 - INFO - Goal:  (39.3, 10.8)
2025-09-25 11:43:12,967 - INFO - Distance: 30.4
2025-09-25 11:43:23,258 - INFO - Planning: 1387 nodes added, tree size: 1388
2025-09-25 11:43:23,297 - INFO - Path: 11 waypoints
2025-09-25 11:43:23,298 - INFO - Result: SUCCESS
2025-09-25 11:43:23,301 - INFO - 
--- ROLLOUT 80/100 ---
2025-09-25 11:43:23,302 - INFO - Obstacles (4):
2025-09-25 11:43:23,302 - INFO -   Obs 0: pos=(20.9, 13.3), r=2.2, v=(-0.34, -0.16), speed=0.37
2025-09-25 11:43:23,302 - INFO -   Obs 1: pos=(31.5, 12.2), r=2.0, v=(-0.44, -0.40), speed=0.59
2025-09-25 11:43:23,303 - INFO -   Obs 2: pos=(26.8, 15.8), r=1.7, v=(0.16, 0.17), speed=0.23
2025-09-25 11:43:23,303 - INFO -   Obs 3: pos=(34.8, 17.6), r=1.9, v=(-0.20, -0.18), speed=0.27
2025-09-25 11:43:23,304 - INFO - Start: (15.1, 22.5)
2025-09-25 11:43:23,304 - INFO - Goal:  (44.0, 22.9)
2025-09-25 11:43:23,304 - INFO - Distance: 28.9
2025-09-25 11:43:33,585 - INFO - Planning: 1333 nodes added, tree size: 1334
2025-09-25 11:43:33,622 - INFO - Path: 33 waypoints
2025-09-25 11:43:33,625 - INFO - Result: SUCCESS
2025-09-25 11:43:33,628 - INFO - 
--- ROLLOUT 81/100 ---
2025-09-25 11:43:33,628 - INFO - Obstacles (3):
2025-09-25 11:43:33,628 - INFO -   Obs 0: pos=(27.6, 12.7), r=1.9, v=(-0.62, 0.07), speed=0.62
2025-09-25 11:43:33,629 - INFO -   Obs 1: pos=(34.0, 16.7), r=1.7, v=(-0.15, 0.96), speed=0.97
2025-09-25 11:43:33,629 - INFO -   Obs 2: pos=(20.8, 17.7), r=1.6, v=(0.35, -0.06), speed=0.35
2025-09-25 11:43:33,629 - INFO - Start: (32.5, 23.9)
2025-09-25 11:43:33,629 - INFO - Goal:  (22.4, 8.0)
2025-09-25 11:43:33,629 - INFO - Distance: 18.9
2025-09-25 11:43:43,544 - INFO - Planning: 1361 nodes added, tree size: 1362
2025-09-25 11:43:43,577 - INFO - Path: 29 waypoints
2025-09-25 11:43:43,579 - INFO - Result: SUCCESS
2025-09-25 11:43:43,614 - INFO - 
--- ROLLOUT 82/100 ---
2025-09-25 11:43:43,615 - INFO - Obstacles (4):
2025-09-25 11:43:43,615 - INFO -   Obs 0: pos=(16.9, 13.1), r=1.7, v=(0.23, -0.27), speed=0.35
2025-09-25 11:43:43,615 - INFO -   Obs 1: pos=(24.8, 16.4), r=2.1, v=(0.33, 0.04), speed=0.33
2025-09-25 11:43:43,615 - INFO -   Obs 2: pos=(33.2, 17.8), r=1.6, v=(-0.77, -0.13), speed=0.78
2025-09-25 11:43:43,616 - INFO -   Obs 3: pos=(31.5, 12.6), r=1.8, v=(-0.87, -0.06), speed=0.87
2025-09-25 11:43:43,616 - INFO - Start: (36.7, 11.7)
2025-09-25 11:43:43,616 - INFO - Goal:  (5.1, 24.9)
2025-09-25 11:43:43,616 - INFO - Distance: 34.3
2025-09-25 11:43:54,863 - INFO - Planning: 1352 nodes added, tree size: 1353
2025-09-25 11:43:54,903 - INFO - Path: 46 waypoints
2025-09-25 11:43:54,905 - INFO - Result: SUCCESS
2025-09-25 11:43:54,909 - INFO - 
--- ROLLOUT 83/100 ---
2025-09-25 11:43:54,909 - INFO - Obstacles (3):
2025-09-25 11:43:54,909 - INFO -   Obs 0: pos=(22.2, 14.8), r=1.6, v=(0.72, 0.59), speed=0.93
2025-09-25 11:43:54,910 - INFO -   Obs 1: pos=(29.7, 16.2), r=1.9, v=(0.27, 0.09), speed=0.28
2025-09-25 11:43:54,910 - INFO -   Obs 2: pos=(16.2, 15.9), r=2.1, v=(0.15, 0.29), speed=0.33
2025-09-25 11:43:54,910 - INFO - Start: (42.9, 14.1)
2025-09-25 11:43:54,910 - INFO - Goal:  (27.9, 11.1)
2025-09-25 11:43:54,911 - INFO - Distance: 15.3
2025-09-25 11:44:05,853 - INFO - Planning: 1373 nodes added, tree size: 1374
2025-09-25 11:44:05,888 - INFO - Path: 19 waypoints
2025-09-25 11:44:05,889 - INFO - Result: SUCCESS
2025-09-25 11:44:05,892 - INFO - 
--- ROLLOUT 84/100 ---
2025-09-25 11:44:05,892 - INFO - Obstacles (3):
2025-09-25 11:44:05,893 - INFO -   Obs 0: pos=(23.5, 12.9), r=2.5, v=(-0.97, -0.13), speed=0.98
2025-09-25 11:44:05,893 - INFO -   Obs 1: pos=(31.5, 13.0), r=2.3, v=(-0.22, -0.28), speed=0.36
2025-09-25 11:44:05,893 - INFO -   Obs 2: pos=(16.9, 16.3), r=2.4, v=(0.26, -0.68), speed=0.72
2025-09-25 11:44:05,894 - INFO - Start: (32.3, 17.4)
2025-09-25 11:44:05,894 - INFO - Goal:  (14.8, 21.4)
2025-09-25 11:44:05,894 - INFO - Distance: 18.0
2025-09-25 11:44:14,852 - INFO - Planning: 1305 nodes added, tree size: 1306
2025-09-25 11:44:14,889 - INFO - Path: 20 waypoints
2025-09-25 11:44:14,890 - INFO - Result: SUCCESS
2025-09-25 11:44:14,893 - INFO - 
--- ROLLOUT 85/100 ---
2025-09-25 11:44:14,893 - INFO - Obstacles (3):
2025-09-25 11:44:14,894 - INFO -   Obs 0: pos=(18.1, 12.6), r=1.9, v=(-0.80, -0.38), speed=0.88
2025-09-25 11:44:14,894 - INFO -   Obs 1: pos=(31.4, 12.7), r=1.7, v=(0.75, 0.61), speed=0.97
2025-09-25 11:44:14,894 - INFO -   Obs 2: pos=(24.1, 15.3), r=2.4, v=(0.23, 0.29), speed=0.37
2025-09-25 11:44:14,894 - INFO - Start: (27.7, 24.8)
2025-09-25 11:44:14,894 - INFO - Goal:  (36.0, 6.2)
2025-09-25 11:44:14,895 - INFO - Distance: 20.3
2025-09-25 11:44:25,636 - INFO - Planning: 1337 nodes added, tree size: 1338
2025-09-25 11:44:25,673 - INFO - Path: 41 waypoints
2025-09-25 11:44:25,675 - INFO - Result: SUCCESS
2025-09-25 11:44:25,678 - INFO - 
--- ROLLOUT 86/100 ---
2025-09-25 11:44:25,679 - INFO - Obstacles (3):
2025-09-25 11:44:25,679 - INFO -   Obs 0: pos=(30.8, 17.9), r=1.7, v=(0.05, 0.21), speed=0.22
2025-09-25 11:44:25,680 - INFO -   Obs 1: pos=(18.5, 12.9), r=1.8, v=(0.78, 0.44), speed=0.90
2025-09-25 11:44:25,680 - INFO -   Obs 2: pos=(24.0, 14.5), r=1.7, v=(0.27, -0.22), speed=0.35
2025-09-25 11:44:25,680 - INFO - Start: (38.1, 13.5)
2025-09-25 11:44:25,680 - INFO - Goal:  (11.5, 13.7)
2025-09-25 11:44:25,681 - INFO - Distance: 26.6
2025-09-25 11:44:36,012 - INFO - Planning: 1374 nodes added, tree size: 1375
2025-09-25 11:44:36,047 - INFO - Path: 38 waypoints
2025-09-25 11:44:36,049 - INFO - Result: SUCCESS
2025-09-25 11:44:36,052 - INFO - 
--- ROLLOUT 87/100 ---
2025-09-25 11:44:36,053 - INFO - Obstacles (3):
2025-09-25 11:44:36,053 - INFO -   Obs 0: pos=(31.9, 16.1), r=1.9, v=(-0.14, 0.68), speed=0.70
2025-09-25 11:44:36,054 - INFO -   Obs 1: pos=(23.9, 15.5), r=1.5, v=(-0.13, 0.52), speed=0.54
2025-09-25 11:44:36,054 - INFO -   Obs 2: pos=(15.2, 14.2), r=1.7, v=(-0.19, 0.88), speed=0.90
2025-09-25 11:44:36,054 - INFO - Start: (36.2, 20.7)
2025-09-25 11:44:36,054 - INFO - Goal:  (28.2, 7.1)
2025-09-25 11:44:36,055 - INFO - Distance: 15.8
2025-09-25 11:44:46,953 - INFO - Planning: 1371 nodes added, tree size: 1372
2025-09-25 11:44:46,985 - INFO - Path: 23 waypoints
2025-09-25 11:44:46,987 - INFO - Result: SUCCESS
2025-09-25 11:44:46,989 - INFO - 
--- ROLLOUT 88/100 ---
2025-09-25 11:44:46,990 - INFO - Obstacles (3):
2025-09-25 11:44:46,990 - INFO -   Obs 0: pos=(33.5, 12.7), r=1.6, v=(-0.03, 0.34), speed=0.34
2025-09-25 11:44:46,991 - INFO -   Obs 1: pos=(16.5, 17.1), r=2.4, v=(0.07, 0.27), speed=0.28
2025-09-25 11:44:46,991 - INFO -   Obs 2: pos=(27.5, 13.3), r=1.9, v=(0.54, -0.45), speed=0.71
2025-09-25 11:44:46,991 - INFO - Start: (23.0, 22.8)
2025-09-25 11:44:46,991 - INFO - Goal:  (43.3, 10.1)
2025-09-25 11:44:46,991 - INFO - Distance: 24.0
2025-09-25 11:44:56,177 - INFO - Planning: 1353 nodes added, tree size: 1354
2025-09-25 11:44:56,212 - INFO - Path: 30 waypoints
2025-09-25 11:44:56,214 - INFO - Result: SUCCESS
2025-09-25 11:44:56,217 - INFO - 
--- ROLLOUT 89/100 ---
2025-09-25 11:44:56,217 - INFO - Obstacles (3):
2025-09-25 11:44:56,218 - INFO -   Obs 0: pos=(20.9, 17.0), r=2.1, v=(0.47, -0.10), speed=0.48
2025-09-25 11:44:56,218 - INFO -   Obs 1: pos=(15.6, 13.1), r=1.8, v=(0.12, -0.47), speed=0.49
2025-09-25 11:44:56,218 - INFO -   Obs 2: pos=(30.6, 12.7), r=1.8, v=(0.46, 0.03), speed=0.46
2025-09-25 11:44:56,218 - INFO - Start: (5.4, 7.1)
2025-09-25 11:44:56,219 - INFO - Goal:  (22.4, 8.4)
2025-09-25 11:44:56,219 - INFO - Distance: 17.1
2025-09-25 11:45:06,205 - INFO - Planning: 1323 nodes added, tree size: 1324
2025-09-25 11:45:06,236 - INFO - Path: 22 waypoints
2025-09-25 11:45:06,237 - INFO - Result: SUCCESS
2025-09-25 11:45:06,240 - INFO - 
--- ROLLOUT 90/100 ---
2025-09-25 11:45:06,240 - INFO - Obstacles (3):
2025-09-25 11:45:06,240 - INFO -   Obs 0: pos=(29.5, 16.9), r=2.3, v=(-0.20, -0.05), speed=0.20
2025-09-25 11:45:06,241 - INFO -   Obs 1: pos=(15.9, 12.3), r=1.8, v=(-0.06, 0.75), speed=0.75
2025-09-25 11:45:06,241 - INFO -   Obs 2: pos=(21.8, 16.9), r=2.3, v=(-0.45, -0.04), speed=0.45
2025-09-25 11:45:06,241 - INFO - Start: (38.0, 18.8)
2025-09-25 11:45:06,241 - INFO - Goal:  (24.8, 8.4)
2025-09-25 11:45:06,241 - INFO - Distance: 16.8
2025-09-25 11:45:17,124 - INFO - Planning: 1349 nodes added, tree size: 1350
2025-09-25 11:45:17,165 - INFO - Path: 18 waypoints
2025-09-25 11:45:17,166 - INFO - Result: SUCCESS
2025-09-25 11:45:17,169 - INFO - 
--- ROLLOUT 91/100 ---
2025-09-25 11:45:17,170 - INFO - Obstacles (4):
2025-09-25 11:45:17,171 - INFO -   Obs 0: pos=(22.0, 13.7), r=2.1, v=(-0.03, -0.27), speed=0.28
2025-09-25 11:45:17,171 - INFO -   Obs 1: pos=(33.0, 12.9), r=1.5, v=(-0.46, 0.07), speed=0.47
2025-09-25 11:45:17,171 - INFO -   Obs 2: pos=(28.6, 17.1), r=2.1, v=(0.65, -0.13), speed=0.67
2025-09-25 11:45:17,171 - INFO -   Obs 3: pos=(15.4, 17.9), r=2.4, v=(-0.17, -0.26), speed=0.31
2025-09-25 11:45:17,172 - INFO - Start: (15.8, 24.9)
2025-09-25 11:45:17,172 - INFO - Goal:  (37.3, 22.5)
2025-09-25 11:45:17,172 - INFO - Distance: 21.6
2025-09-25 11:45:27,441 - INFO - Planning: 1287 nodes added, tree size: 1288
2025-09-25 11:45:27,479 - INFO - Path: 28 waypoints
2025-09-25 11:45:27,481 - INFO - Result: SUCCESS
2025-09-25 11:45:27,513 - INFO - 
--- ROLLOUT 92/100 ---
2025-09-25 11:45:27,514 - INFO - Obstacles (3):
2025-09-25 11:45:27,514 - INFO -   Obs 0: pos=(31.8, 12.5), r=1.8, v=(0.28, -0.02), speed=0.29
2025-09-25 11:45:27,514 - INFO -   Obs 1: pos=(26.9, 16.9), r=2.1, v=(-0.33, -0.83), speed=0.89
2025-09-25 11:45:27,515 - INFO -   Obs 2: pos=(17.4, 15.5), r=2.0, v=(-0.16, -0.74), speed=0.76
2025-09-25 11:45:27,515 - INFO - Start: (41.3, 12.1)
2025-09-25 11:45:27,515 - INFO - Goal:  (10.6, 22.6)
2025-09-25 11:45:27,515 - INFO - Distance: 32.5
2025-09-25 11:45:37,839 - INFO - Planning: 1361 nodes added, tree size: 1362
2025-09-25 11:45:37,876 - INFO - Path: 42 waypoints
2025-09-25 11:45:37,879 - INFO - Result: SUCCESS
2025-09-25 11:45:37,882 - INFO - 
--- ROLLOUT 93/100 ---
2025-09-25 11:45:37,883 - INFO - Obstacles (3):
2025-09-25 11:45:37,883 - INFO -   Obs 0: pos=(20.5, 17.9), r=1.9, v=(0.37, -0.47), speed=0.60
2025-09-25 11:45:37,884 - INFO -   Obs 1: pos=(29.4, 14.0), r=2.2, v=(0.10, -0.41), speed=0.42
2025-09-25 11:45:37,884 - INFO -   Obs 2: pos=(16.9, 12.6), r=2.4, v=(-0.80, 0.12), speed=0.81
2025-09-25 11:45:37,884 - INFO - Start: (16.9, 7.4)
2025-09-25 11:45:37,885 - INFO - Goal:  (42.6, 23.4)
2025-09-25 11:45:37,885 - INFO - Distance: 30.3
2025-09-25 11:45:48,980 - INFO - Planning: 1363 nodes added, tree size: 1364
2025-09-25 11:45:49,016 - INFO - Path: 47 waypoints
2025-09-25 11:45:49,018 - INFO - Result: SUCCESS
2025-09-25 11:45:49,021 - INFO - 
--- ROLLOUT 94/100 ---
2025-09-25 11:45:49,022 - INFO - Obstacles (3):
2025-09-25 11:45:49,022 - INFO -   Obs 0: pos=(22.8, 14.1), r=2.4, v=(0.24, 0.36), speed=0.43
2025-09-25 11:45:49,022 - INFO -   Obs 1: pos=(33.7, 17.9), r=2.2, v=(0.53, 0.11), speed=0.54
2025-09-25 11:45:49,023 - INFO -   Obs 2: pos=(15.5, 16.7), r=1.7, v=(-0.39, -0.32), speed=0.50
2025-09-25 11:45:49,023 - INFO - Start: (41.5, 21.8)
2025-09-25 11:45:49,023 - INFO - Goal:  (27.1, 7.5)
2025-09-25 11:45:49,023 - INFO - Distance: 20.3
2025-09-25 11:45:59,765 - INFO - Planning: 1339 nodes added, tree size: 1340
2025-09-25 11:45:59,797 - INFO - Path: 35 waypoints
2025-09-25 11:45:59,800 - INFO - Result: SUCCESS
2025-09-25 11:45:59,803 - INFO - 
--- ROLLOUT 95/100 ---
2025-09-25 11:45:59,804 - INFO - Obstacles (4):
2025-09-25 11:45:59,804 - INFO -   Obs 0: pos=(15.7, 13.4), r=1.9, v=(0.09, -0.96), speed=0.96
2025-09-25 11:45:59,804 - INFO -   Obs 1: pos=(26.8, 13.8), r=2.5, v=(0.82, 0.32), speed=0.88
2025-09-25 11:45:59,804 - INFO -   Obs 2: pos=(33.2, 16.5), r=1.8, v=(0.19, -0.36), speed=0.41
2025-09-25 11:45:59,805 - INFO -   Obs 3: pos=(20.5, 18.0), r=2.3, v=(-0.19, 0.63), speed=0.66
2025-09-25 11:45:59,805 - INFO - Start: (16.3, 5.5)
2025-09-25 11:45:59,805 - INFO - Goal:  (33.5, 23.8)
2025-09-25 11:45:59,805 - INFO - Distance: 25.1
2025-09-25 11:46:11,062 - INFO - Planning: 1330 nodes added, tree size: 1331
2025-09-25 11:46:11,101 - INFO - Path: 40 waypoints
2025-09-25 11:46:11,103 - INFO - Result: SUCCESS
2025-09-25 11:46:11,106 - INFO - 
--- ROLLOUT 96/100 ---
2025-09-25 11:46:11,107 - INFO - Obstacles (4):
2025-09-25 11:46:11,107 - INFO -   Obs 0: pos=(31.6, 12.2), r=2.2, v=(-0.73, 0.68), speed=1.00
2025-09-25 11:46:11,107 - INFO -   Obs 1: pos=(16.6, 12.5), r=2.4, v=(0.10, 0.60), speed=0.60
2025-09-25 11:46:11,108 - INFO -   Obs 2: pos=(23.8, 13.6), r=2.3, v=(-0.11, 0.38), speed=0.40
2025-09-25 11:46:11,108 - INFO -   Obs 3: pos=(28.8, 17.9), r=1.6, v=(0.63, -0.69), speed=0.93
2025-09-25 11:46:11,108 - INFO - Start: (16.5, 23.4)
2025-09-25 11:46:11,108 - INFO - Goal:  (44.6, 20.1)
2025-09-25 11:46:11,109 - INFO - Distance: 28.2
2025-09-25 11:46:21,962 - INFO - Planning: 1344 nodes added, tree size: 1345
2025-09-25 11:46:22,003 - INFO - Path: 41 waypoints
2025-09-25 11:46:22,006 - INFO - Result: SUCCESS
2025-09-25 11:46:22,010 - INFO - 
--- ROLLOUT 97/100 ---
2025-09-25 11:46:22,011 - INFO - Obstacles (4):
2025-09-25 11:46:22,011 - INFO -   Obs 0: pos=(28.3, 12.8), r=1.7, v=(0.43, -0.68), speed=0.80
2025-09-25 11:46:22,011 - INFO -   Obs 1: pos=(15.5, 17.4), r=2.5, v=(-0.81, -0.21), speed=0.84
2025-09-25 11:46:22,011 - INFO -   Obs 2: pos=(20.9, 12.7), r=2.2, v=(0.31, -0.46), speed=0.56
2025-09-25 11:46:22,012 - INFO -   Obs 3: pos=(34.9, 16.4), r=1.6, v=(-0.16, 0.21), speed=0.26
2025-09-25 11:46:22,012 - INFO - Start: (16.5, 24.4)
2025-09-25 11:46:22,012 - INFO - Goal:  (17.8, 7.3)
2025-09-25 11:46:22,012 - INFO - Distance: 17.2
2025-09-25 11:46:33,492 - INFO - Planning: 1298 nodes added, tree size: 1299
2025-09-25 11:46:33,527 - INFO - Path: 29 waypoints
2025-09-25 11:46:33,530 - INFO - Result: SUCCESS
2025-09-25 11:46:33,533 - INFO - 
--- ROLLOUT 98/100 ---
2025-09-25 11:46:33,534 - INFO - Obstacles (3):
2025-09-25 11:46:33,534 - INFO -   Obs 0: pos=(29.1, 16.6), r=2.0, v=(0.20, -0.56), speed=0.59
2025-09-25 11:46:33,534 - INFO -   Obs 1: pos=(23.2, 13.4), r=1.8, v=(-0.91, -0.04), speed=0.91
2025-09-25 11:46:33,534 - INFO -   Obs 2: pos=(15.7, 12.1), r=2.4, v=(0.41, 0.31), speed=0.52
2025-09-25 11:46:33,535 - INFO - Start: (11.8, 22.3)
2025-09-25 11:46:33,535 - INFO - Goal:  (8.3, 7.1)
2025-09-25 11:46:33,535 - INFO - Distance: 15.6
2025-09-25 11:46:44,988 - INFO - Planning: 1361 nodes added, tree size: 1362
2025-09-25 11:46:45,028 - INFO - Path: 20 waypoints
2025-09-25 11:46:45,030 - INFO - Result: SUCCESS
2025-09-25 11:46:45,033 - INFO - 
--- ROLLOUT 99/100 ---
2025-09-25 11:46:45,034 - INFO - Obstacles (4):
2025-09-25 11:46:45,034 - INFO -   Obs 0: pos=(22.5, 16.5), r=1.7, v=(-0.00, -0.33), speed=0.33
2025-09-25 11:46:45,035 - INFO -   Obs 1: pos=(28.0, 12.8), r=2.0, v=(0.20, 0.66), speed=0.69
2025-09-25 11:46:45,035 - INFO -   Obs 2: pos=(34.5, 13.9), r=1.7, v=(-0.22, -0.59), speed=0.63
2025-09-25 11:46:45,035 - INFO -   Obs 3: pos=(16.8, 16.8), r=1.6, v=(0.46, 0.77), speed=0.90
2025-09-25 11:46:45,035 - INFO - Start: (17.9, 22.9)
2025-09-25 11:46:45,036 - INFO - Goal:  (40.3, 21.8)
2025-09-25 11:46:45,036 - INFO - Distance: 22.4
2025-09-25 11:46:56,539 - INFO - Planning: 1374 nodes added, tree size: 1375
2025-09-25 11:46:56,582 - INFO - Path: 31 waypoints
2025-09-25 11:46:56,584 - INFO - Result: SUCCESS
2025-09-25 11:46:56,586 - INFO - 
--- ROLLOUT 100/100 ---
2025-09-25 11:46:56,587 - INFO - Obstacles (4):
2025-09-25 11:46:56,587 - INFO -   Obs 0: pos=(33.9, 17.0), r=2.2, v=(0.35, -0.55), speed=0.65
2025-09-25 11:46:56,587 - INFO -   Obs 1: pos=(24.8, 16.7), r=2.2, v=(-0.51, -0.20), speed=0.55
2025-09-25 11:46:56,588 - INFO -   Obs 2: pos=(30.0, 12.1), r=1.9, v=(-0.20, -0.03), speed=0.20
2025-09-25 11:46:56,588 - INFO -   Obs 3: pos=(15.7, 13.6), r=2.0, v=(0.73, 0.21), speed=0.76
2025-09-25 11:46:56,588 - INFO - Start: (23.5, 7.3)
2025-09-25 11:46:56,588 - INFO - Goal:  (8.6, 19.6)
2025-09-25 11:46:56,588 - INFO - Distance: 19.3
2025-09-25 11:47:08,784 - INFO - Planning: 1320 nodes added, tree size: 1321
2025-09-25 11:47:08,833 - INFO - Path: 28 waypoints
2025-09-25 11:47:08,834 - INFO - Result: SUCCESS
2025-09-25 11:47:08,838 - INFO - 
=== COLLISION RATE ANALYSIS ===
Total rollouts attempted: 100
Rollouts skipped (infeasible start/goal): 0
Actual rollouts completed: 100
Max obstacle speed: 1.0 m/s

Results:
- Successful paths: 100
- Collisions detected: 0
  * No path found: 0
  * Collision on path: 0
- Collision rate: 0.0000 (0.00%)
- 95% Wilson confidence interval: [0.0000, 0.0370]
- 95% Wilson upper bound: 0.0370 (3.70%)

Collision trajectories saved: 0 files
Directory: collision_trajectories/

Verdict: FAILED: 95% upper bound exceeds 1%

